ID,age,sex,region,band,w_band,w_agebucket
101,107.0,F,Hainan,L,0.7190775681341719,0.9280303030303032
102,59.0,M,Hainan,M,0.7746160794941283,0.4965257672264043
103,56.0,F,Hainan,M,0.7746160794941283,0.4965257672264043
105,100.0,F,Hainan,L,0.7190775681341719,0.9280303030303032
106,62.0,M,Hainan,M,0.7746160794941283,0.4782487451199109
110,104.0,F,Hainan,L,0.7190775681341719,0.9280303030303032
111,61.0,M,Hainan,M,0.7746160794941283,0.4782487451199109
112,63.0,F,Hainan,M,0.7746160794941283,0.4782487451199109
119,102.0,F,Hainan,L,0.7190775681341719,0.9280303030303032
120,65.0,M,Hainan,M,0.7746160794941283,0.4782487451199109
121,64.0,F,Hainan,M,0.7746160794941283,0.4782487451199109
122,102.0,F,Hainan,L,0.7190775681341719,0.9280303030303032
123,61.0,F,Hainan,M,0.7746160794941283,0.4782487451199109
124,62.0,M,Hainan,M,0.7746160794941283,0.4782487451199109
125,104.0,M,Hainan,L,0.7190775681341719,0.9280303030303032
127,70.0,F,Hainan,M,0.7746160794941283,1.4848484848484853
136,103.0,F,Hainan,L,0.7190775681341719,0.9280303030303032
137,103.0,M,Hainan,L,0.7190775681341719,0.9280303030303032
141,100.0,F,Hainan,L,0.7190775681341719,0.9280303030303032
142,68.0,M,Hainan,M,0.7746160794941283,0.4782487451199109
143,63.0,F,Hainan,M,0.7746160794941283,0.4782487451199109
150,100.0,F,Hainan,L,0.7190775681341719,0.9280303030303032
151,98.0,M,Hainan,L,0.7190775681341719,0.2502553626149132
152,56.0,F,Hainan,M,0.7746160794941283,0.4965257672264043
160,60.0,M,Hainan,M,0.7746160794941283,0.4782487451199109
161,59.0,F,Hainan,M,0.7746160794941283,0.4965257672264043
164,105.0,F,Hainan,L,0.7190775681341719,0.9280303030303032
165,102.0,F,Hainan,L,0.7190775681341719,0.9280303030303032
166,102.0,M,Hainan,L,0.7190775681341719,0.9280303030303032
168,52.0,M,Hainan,M,0.7746160794941283,0.4965257672264043
169,102.0,F,Hainan,L,0.7190775681341719,0.9280303030303032
170,50.0,M,Hainan,Y,3.1410256410256414,0.4965257672264043
172,52.0,F,Hainan,M,0.7746160794941283,0.4965257672264043
173,102.0,M,Hainan,L,0.7190775681341719,0.9280303030303032
174,78.0,M,Hainan,M,0.7746160794941283,1.4848484848484853
17,59.0,F,Hainan,M,0.7746160794941283,0.4965257672264043
184,104.0,F,Hainan,L,0.7190775681341719,0.9280303030303032
185,57.0,M,Hainan,M,0.7746160794941283,0.4965257672264043
186,58.0,F,Hainan,M,0.7746160794941283,0.4965257672264043
187,105.0,F,Hainan,L,0.7190775681341719,0.9280303030303032
1,106.0,F,Hainan,L,0.7190775681341719,0.9280303030303032
203,105.0,F,Hainan,L,0.7190775681341719,0.9280303030303032
204,72.0,M,Hainan,M,0.7746160794941283,1.4848484848484853
205,63.0,F,Hainan,M,0.7746160794941283,0.4782487451199109
206,105.0,F,Hainan,L,0.7190775681341719,0.9280303030303032
207,61.0,M,Hainan,M,0.7746160794941283,0.4782487451199109
209,106.0,F,Hainan,L,0.7190775681341719,0.9280303030303032
210,78.0,M,Hainan,M,0.7746160794941283,1.4848484848484853
217,101.0,F,Hainan,L,0.7190775681341719,0.9280303030303032
219,71.0,F,Hainan,M,0.7746160794941283,1.4848484848484853
22,104.0,F,Hainan,L,0.7190775681341719,0.9280303030303032
231,106.0,F,Hainan,L,0.7190775681341719,0.9280303030303032
232,64.0,M,Hainan,M,0.7746160794941283,0.4782487451199109
233,55.0,F,Hainan,M,0.7746160794941283,0.4965257672264043
26,56.0,F,Hainan,M,0.7746160794941283,0.4965257672264043
3,62.0,M,Hainan,M,0.7746160794941283,0.4782487451199109
51,57.0,F,Hainan,M,0.7746160794941283,0.4965257672264043
85,106.0,M,Hainan,L,0.7190775681341719,0.9280303030303032
86,73.0,M,Hainan,M,0.7746160794941283,1.4848484848484853
89,62.0,F,Hainan,M,0.7746160794941283,0.4782487451199109
90,102.0,M,Hainan,L,0.7190775681341719,0.9280303030303032
91,57.0,M,Hainan,M,0.7746160794941283,0.4965257672264043
92,57.0,F,Hainan,M,0.7746160794941283,0.4965257672264043
243,103.0,F,Hainan,L,0.7190775681341719,0.9280303030303032
244,75.0,M,Hainan,M,0.7746160794941283,1.4848484848484853
245,70.0,F,Hainan,M,0.7746160794941283,1.4848484848484853
246,65.0,M,Hainan,M,0.7746160794941283,0.4782487451199109
249,61.0,M,Hainan,M,0.7746160794941283,0.4782487451199109
250,57.0,F,Hainan,M,0.7746160794941283,0.4965257672264043
251,50.0,M,Hainan,Y,3.1410256410256414,0.4965257672264043
252,100.0,F,Hainan,L,0.7190775681341719,0.9280303030303032
253,101.0,F,Hainan,L,0.7190775681341719,0.9280303030303032
254,75.0,M,Hainan,M,0.7746160794941283,1.4848484848484853
255,66.0,M,Hainan,M,0.7746160794941283,0.4782487451199109
256,58.0,F,Hainan,M,0.7746160794941283,0.4965257672264043
257,104.0,F,Hainan,L,0.7190775681341719,0.9280303030303032
259,62.0,F,Hainan,M,0.7746160794941283,0.4782487451199109
261,63.0,M,Hainan,M,0.7746160794941283,0.4782487451199109
262,75.0,M,Hainan,M,0.7746160794941283,1.4848484848484853
263,75.0,F,Hainan,M,0.7746160794941283,1.4848484848484853
264,100.0,M,Hainan,L,0.7190775681341719,0.9280303030303032
265,101.0,F,Hainan,L,0.7190775681341719,0.9280303030303032
269,65.0,M,Hainan,M,0.7746160794941283,0.4782487451199109
270,100.0,F,Hainan,L,0.7190775681341719,0.9280303030303032
273,56.0,F,Hainan,M,0.7746160794941283,0.4965257672264043
274,45.0,F,Hainan,Y,3.1410256410256414,1.948863636363637
275,101.0,F,Hainan,L,0.7190775681341719,0.9280303030303032
276,100.0,F,Hainan,L,0.7190775681341719,0.9280303030303032
280,72.0,M,Hainan,M,0.7746160794941283,1.4848484848484853
282,100.0,M,Hainan,L,0.7190775681341719,0.9280303030303032
286,67.0,M,Hainan,M,0.7746160794941283,0.4782487451199109
288,100.0,F,Hainan,L,0.7190775681341719,0.9280303030303032
289,100.0,F,Hainan,L,0.7190775681341719,0.9280303030303032
290,52.0,M,Hainan,M,0.7746160794941283,0.4965257672264043
291,106.0,F,Hainan,L,0.7190775681341719,0.9280303030303032
293,106.0,M,Hainan,L,0.7190775681341719,0.9280303030303032
296,53.0,F,Hainan,M,0.7746160794941283,0.4965257672264043
297,108.0,F,Hainan,L,0.7190775681341719,0.9280303030303032
298,69.0,F,Hainan,M,0.7746160794941283,0.4782487451199109
301,68.0,M,Hainan,M,0.7746160794941283,0.4782487451199109
302,101.0,F,Hainan,L,0.7190775681341719,0.9280303030303032
303,100.0,F,Hainan,L,0.7190775681341719,0.9280303030303032
304,100.0,M,Hainan,L,0.7190775681341719,0.9280303030303032
305,101.0,M,Hainan,L,0.7190775681341719,0.9280303030303032
307,102.0,F,Hainan,L,0.7190775681341719,0.9280303030303032
310,100.0,M,Hainan,L,0.7190775681341719,0.9280303030303032
311,70.0,M,Hainan,M,0.7746160794941283,1.4848484848484853
312,102.0,F,Hainan,L,0.7190775681341719,0.9280303030303032
315,62.0,F,Hainan,M,0.7746160794941283,0.4782487451199109
333,102.0,F,Hainan,L,0.7190775681341719,0.9280303030303032
342,100.0,F,Hainan,L,0.7190775681341719,0.9280303030303032
347,100.0,F,Hainan,L,0.7190775681341719,0.9280303030303032
361,102.0,F,Hainan,L,0.7190775681341719,0.9280303030303032
365,102.0,F,Hainan,L,0.7190775681341719,0.9280303030303032
370,60.0,M,Hainan,M,0.7746160794941283,0.4782487451199109
371,100.0,F,Hainan,L,0.7190775681341719,0.9280303030303032
372,52.0,M,Hainan,M,0.7746160794941283,0.4965257672264043
373,49.0,F,Hainan,Y,3.1410256410256414,1.948863636363637
279,101.0,F,Hainan,L,0.7190775681341719,0.9280303030303032
281,71.0,F,Hainan,M,0.7746160794941283,1.4848484848484853
283,101.0,M,Hainan,L,0.7190775681341719,0.9280303030303032
284,78.0,M,Hainan,M,0.7746160794941283,1.4848484848484853
285,111.0,F,Hainan,L,0.7190775681341719,38.977272727272734
287,66.0,F,Hainan,M,0.7746160794941283,0.4782487451199109
294,100.0,F,Hainan,L,0.7190775681341719,0.9280303030303032
295,57.0,M,Hainan,M,0.7746160794941283,0.4965257672264043
300,64.0,F,Hainan,M,0.7746160794941283,0.4782487451199109
306,53.0,F,Hainan,M,0.7746160794941283,0.4965257672264043
313,100.0,M,Hainan,L,0.7190775681341719,0.9280303030303032
314,62.0,M,Hainan,M,0.7746160794941283,0.4782487451199109
318,103.0,F,Hainan,L,0.7190775681341719,0.9280303030303032
319,62.0,M,Hainan,M,0.7746160794941283,0.4782487451199109
322,101.0,F,Hainan,L,0.7190775681341719,0.9280303030303032
323,65.0,M,Hainan,M,0.7746160794941283,0.4782487451199109
324,103.0,F,Hainan,L,0.7190775681341719,0.9280303030303032
325,106.0,F,Hainan,L,0.7190775681341719,0.9280303030303032
326,58.0,M,Hainan,M,0.7746160794941283,0.4965257672264043
327,60.0,F,Hainan,M,0.7746160794941283,0.4782487451199109
328,101.0,F,Hainan,L,0.7190775681341719,0.9280303030303032
329,53.0,M,Hainan,M,0.7746160794941283,0.4965257672264043
330,56.0,F,Hainan,M,0.7746160794941283,0.4965257672264043
331,100.0,M,Hainan,L,0.7190775681341719,0.9280303030303032
332,55.0,M,Hainan,M,0.7746160794941283,0.4965257672264043
334,105.0,F,Hainan,L,0.7190775681341719,0.9280303030303032
335,62.0,M,Hainan,M,0.7746160794941283,0.4782487451199109
336,103.0,F,Hainan,L,0.7190775681341719,0.9280303030303032
337,57.0,F,Hainan,M,0.7746160794941283,0.4965257672264043
338,100.0,M,Hainan,L,0.7190775681341719,0.9280303030303032
339,63.0,M,Hainan,M,0.7746160794941283,0.4782487451199109
340,45.0,F,Hainan,Y,3.1410256410256414,1.948863636363637
341,56.0,F,Hainan,M,0.7746160794941283,0.4965257672264043
343,102.0,M,Hainan,L,0.7190775681341719,0.9280303030303032
345,61.0,M,Hainan,M,0.7746160794941283,0.4782487451199109
346,58.0,F,Hainan,M,0.7746160794941283,0.4965257672264043
349,100.0,F,Hainan,L,0.7190775681341719,0.9280303030303032
350,65.0,M,Hainan,M,0.7746160794941283,0.4782487451199109
351,100.0,F,Hainan,L,0.7190775681341719,0.9280303030303032
352,67.0,M,Hainan,M,0.7746160794941283,0.4782487451199109
355,100.0,F,Hainan,L,0.7190775681341719,0.9280303030303032
356,60.0,M,Hainan,M,0.7746160794941283,0.4782487451199109
357,60.0,F,Hainan,M,0.7746160794941283,0.4782487451199109
358,100.0,F,Hainan,L,0.7190775681341719,0.9280303030303032
359,68.0,M,Hainan,M,0.7746160794941283,0.4782487451199109
360,61.0,F,Hainan,M,0.7746160794941283,0.4782487451199109
363,102.0,F,Hainan,L,0.7190775681341719,0.9280303030303032
364,47.0,F,Hainan,Y,3.1410256410256414,1.948863636363637
367,102.0,F,Hainan,L,0.7190775681341719,0.9280303030303032
368,64.0,M,Hainan,M,0.7746160794941283,0.4782487451199109
376,105.0,F,Hainan,L,0.7190775681341719,0.9280303030303032
377,60.0,M,Hainan,M,0.7746160794941283,0.4782487451199109
378,100.0,F,Hainan,L,0.7190775681341719,0.9280303030303032
379,70.0,M,Hainan,M,0.7746160794941283,1.4848484848484853
380,69.0,F,Hainan,M,0.7746160794941283,0.4782487451199109
381,101.0,F,Hainan,L,0.7190775681341719,0.9280303030303032
382,101.0,F,Hainan,L,0.7190775681341719,0.9280303030303032
383,70.0,F,Hainan,M,0.7746160794941283,1.4848484848484853
385,103.0,F,Hainan,L,0.7190775681341719,0.9280303030303032
386,50.0,M,Hainan,Y,3.1410256410256414,0.4965257672264043
387,100.0,F,Hainan,L,0.7190775681341719,0.9280303030303032
390,100.0,F,Hainan,L,0.7190775681341719,0.9280303030303032
391,95.0,M,Hainan,L,0.7190775681341719,0.2502553626149132
392,96.0,F,Hainan,L,0.7190775681341719,0.2502553626149132
393,54.0,M,Hainan,M,0.7746160794941283,0.4965257672264043
397,97.0,F,Hainan,L,0.7190775681341719,0.2502553626149132
398,65.0,M,Hainan,M,0.7746160794941283,0.4782487451199109
399,99.0,F,Hainan,L,0.7190775681341719,0.2502553626149132
400,95.0,F,Hainan,L,0.7190775681341719,0.2502553626149132
401,70.0,M,Hainan,M,0.7746160794941283,1.4848484848484853
402,34.0,M,Hainan,Y,3.1410256410256414,2.598484848484849
407,95.0,F,Hainan,L,0.7190775681341719,0.2502553626149132
410,51.0,M,Hainan,M,0.7746160794941283,0.4965257672264043
415,96.0,F,Hainan,L,0.7190775681341719,0.2502553626149132
416,42.0,M,Hainan,Y,3.1410256410256414,1.948863636363637
417,39.0,F,Hainan,Y,3.1410256410256414,2.598484848484849
418,96.0,F,Hainan,L,0.7190775681341719,0.2502553626149132
419,74.0,M,Hainan,M,0.7746160794941283,1.4848484848484853
431,97.0,F,Hainan,L,0.7190775681341719,0.2502553626149132
432,24.0,F,Hainan,Y,3.1410256410256414,9.744318181818183
433,64.0,F,Hainan,M,0.7746160794941283,0.4782487451199109
439,72.0,M,Hainan,M,0.7746160794941283,1.4848484848484853
440,69.0,F,Hainan,M,0.7746160794941283,0.4782487451199109
441,44.0,M,Hainan,Y,3.1410256410256414,1.948863636363637
442,46.0,M,Hainan,Y,3.1410256410256414,1.948863636363637
443,103.0,F,Hainan,L,0.7190775681341719,0.9280303030303032
444,77.0,M,Hainan,M,0.7746160794941283,1.4848484848484853
445,80.0,F,Hainan,M,0.7746160794941283,10.393939393939396
446,69.0,M,Hainan,M,0.7746160794941283,0.4782487451199109
448,56.0,M,Hainan,M,0.7746160794941283,0.4965257672264043
452,48.0,M,Hainan,Y,3.1410256410256414,1.948863636363637
453,50.0,F,Hainan,Y,3.1410256410256414,0.4965257672264043
454,103.0,F,Hainan,L,0.7190775681341719,0.9280303030303032
455,49.0,F,Hainan,Y,3.1410256410256414,1.948863636363637
456,26.0,M,Hainan,Y,3.1410256410256414,9.744318181818183
460,102.0,F,Hainan,L,0.7190775681341719,0.9280303030303032
461,73.0,F,Hainan,M,0.7746160794941283,1.4848484848484853
462,50.0,M,Hainan,Y,3.1410256410256414,0.4965257672264043
467,102.0,M,Hainan,L,0.7190775681341719,0.9280303030303032
468,45.0,F,Hainan,Y,3.1410256410256414,1.948863636363637
473,50.0,M,Hainan,Y,3.1410256410256414,0.4965257672264043
474,35.0,M,Hainan,Y,3.1410256410256414,2.598484848484849
479,96.0,F,Hainan,L,0.7190775681341719,0.2502553626149132
480,51.0,M,Hainan,M,0.7746160794941283,0.4965257672264043
481,96.0,M,Hainan,L,0.7190775681341719,0.2502553626149132
482,29.0,M,Hainan,Y,3.1410256410256414,9.744318181818183
483,34.0,F,Hainan,Y,3.1410256410256414,2.598484848484849
488,96.0,M,Hainan,L,0.7190775681341719,0.2502553626149132
490,96.0,M,Hainan,L,0.7190775681341719,0.2502553626149132
491,42.0,M,Hainan,Y,3.1410256410256414,1.948863636363637
492,32.0,F,Hainan,Y,3.1410256410256414,2.598484848484849
494,71.0,M,Hainan,M,0.7746160794941283,1.4848484848484853
497,96.0,F,Hainan,L,0.7190775681341719,0.2502553626149132
498,95.0,M,Hainan,L,0.7190775681341719,0.2502553626149132
499,47.0,M,Hainan,Y,3.1410256410256414,1.948863636363637
500,95.0,M,Hainan,L,0.7190775681341719,0.2502553626149132
501,64.0,M,Hainan,M,0.7746160794941283,0.4782487451199109
504,96.0,M,Hainan,L,0.7190775681341719,0.2502553626149132
505,97.0,F,Hainan,L,0.7190775681341719,0.2502553626149132
506,69.0,F,Hainan,M,0.7746160794941283,0.4782487451199109
507,71.0,M,Hainan,M,0.7746160794941283,1.4848484848484853
508,95.0,F,Hainan,L,0.7190775681341719,0.2502553626149132
509,68.0,M,Hainan,M,0.7746160794941283,0.4782487451199109
510,67.0,F,Hainan,M,0.7746160794941283,0.4782487451199109
512,43.0,F,Hainan,Y,3.1410256410256414,1.948863636363637
513,52.0,F,Hainan,M,0.7746160794941283,0.4965257672264043
517,97.0,M,Hainan,L,0.7190775681341719,0.2502553626149132
518,45.0,M,Hainan,Y,3.1410256410256414,1.948863636363637
521,69.0,M,Hainan,M,0.7746160794941283,0.4782487451199109
527,51.0,M,Hainan,M,0.7746160794941283,0.4965257672264043
528,39.0,F,Hainan,Y,3.1410256410256414,2.598484848484849
530,99.0,M,Hainan,L,0.7190775681341719,0.2502553626149132
537,32.0,M,Hainan,Y,3.1410256410256414,2.598484848484849
539,68.0,F,Hainan,M,0.7746160794941283,0.4782487451199109
542,37.0,M,Hainan,Y,3.1410256410256414,2.598484848484849
543,68.0,F,Hainan,M,0.7746160794941283,0.4782487451199109
545,97.0,F,Hainan,L,0.7190775681341719,0.2502553626149132
546,70.0,M,Hainan,M,0.7746160794941283,1.4848484848484853
547,95.0,F,Hainan,L,0.7190775681341719,0.2502553626149132
548,95.0,F,Hainan,L,0.7190775681341719,0.2502553626149132
552,56.0,F,Hainan,M,0.7746160794941283,0.4965257672264043
553,96.0,F,Hainan,L,0.7190775681341719,0.2502553626149132
555,45.0,F,Hainan,Y,3.1410256410256414,1.948863636363637
557,69.0,M,Hainan,M,0.7746160794941283,0.4782487451199109
558,37.0,M,Hainan,Y,3.1410256410256414,2.598484848484849
559,95.0,M,Hainan,L,0.7190775681341719,0.2502553626149132
561,15.0,F,Hainan,Y,3.1410256410256414,38.977272727272734
562,10.0,M,Hainan,Y,3.1410256410256414,38.977272727272734
563,36.0,F,Hainan,Y,3.1410256410256414,2.598484848484849
564,38.0,M,Hainan,Y,3.1410256410256414,2.598484848484849
566,59.0,F,Hainan,M,0.7746160794941283,0.4965257672264043
567,60.0,M,Hainan,M,0.7746160794941283,0.4782487451199109
568,95.0,F,Hainan,L,0.7190775681341719,0.2502553626149132
569,44.0,M,Hainan,Y,3.1410256410256414,1.948863636363637
570,74.0,M,Hainan,M,0.7746160794941283,1.4848484848484853
571,47.0,M,Hainan,Y,3.1410256410256414,1.948863636363637
573,45.0,F,Hainan,Y,3.1410256410256414,1.948863636363637
576,97.0,F,Hainan,L,0.7190775681341719,0.2502553626149132
577,51.0,F,Hainan,M,0.7746160794941283,0.4965257672264043
581,47.0,F,Hainan,Y,3.1410256410256414,1.948863636363637
582,96.0,F,Hainan,L,0.7190775681341719,0.2502553626149132
583,41.0,M,Hainan,Y,3.1410256410256414,1.948863636363637
590,95.0,F,Hainan,L,0.7190775681341719,0.2502553626149132
591,67.0,F,Hainan,M,0.7746160794941283,0.4782487451199109
596,96.0,F,Hainan,L,0.7190775681341719,0.2502553626149132
597,54.0,F,Hainan,M,0.7746160794941283,0.4965257672264043
598,95.0,F,Hainan,L,0.7190775681341719,0.2502553626149132
599,73.0,M,Hainan,M,0.7746160794941283,1.4848484848484853
600,97.0,F,Hainan,L,0.7190775681341719,0.2502553626149132
601,65.0,F,Hainan,M,0.7746160794941283,0.4782487451199109
602,70.0,M,Hainan,M,0.7746160794941283,1.4848484848484853
603,95.0,F,Hainan,L,0.7190775681341719,0.2502553626149132
604,52.0,M,Hainan,M,0.7746160794941283,0.4965257672264043
605,97.0,F,Hainan,L,0.7190775681341719,0.2502553626149132
606,38.0,M,Hainan,Y,3.1410256410256414,2.598484848484849
607,58.0,F,Hainan,M,0.7746160794941283,0.4965257672264043
608,37.0,M,Hainan,Y,3.1410256410256414,2.598484848484849
609,36.0,M,Hainan,Y,3.1410256410256414,2.598484848484849
615,47.0,F,Hainan,Y,3.1410256410256414,1.948863636363637
618,96.0,F,Hainan,L,0.7190775681341719,0.2502553626149132
619,52.0,F,Hainan,M,0.7746160794941283,0.4965257672264043
620,54.0,M,Hainan,M,0.7746160794941283,0.4965257672264043
621,97.0,F,Hainan,L,0.7190775681341719,0.2502553626149132
623,45.0,F,Hainan,Y,3.1410256410256414,1.948863636363637
630,18.0,M,Hainan,Y,3.1410256410256414,38.977272727272734
631,98.0,F,Hainan,L,0.7190775681341719,0.2502553626149132
632,89.0,F,Hainan,M,0.7746160794941283,10.393939393939396
633,62.0,M,Hainan,M,0.7746160794941283,0.4782487451199109
636,30.0,M,Hainan,Y,3.1410256410256414,2.598484848484849
637,95.0,F,Hainan,L,0.7190775681341719,0.2502553626149132
638,25.0,F,Hainan,Y,3.1410256410256414,9.744318181818183
639,34.0,M,Hainan,Y,3.1410256410256414,2.598484848484849
640,96.0,F,Hainan,L,0.7190775681341719,0.2502553626149132
641,31.0,F,Hainan,Y,3.1410256410256414,2.598484848484849
643,74.0,F,Hainan,M,0.7746160794941283,1.4848484848484853
644,40.0,M,Hainan,Y,3.1410256410256414,1.948863636363637
647,95.0,F,Hainan,L,0.7190775681341719,0.2502553626149132
648,43.0,F,Hainan,Y,3.1410256410256414,1.948863636363637
649,46.0,M,Hainan,Y,3.1410256410256414,1.948863636363637
650,96.0,F,Hainan,L,0.7190775681341719,0.2502553626149132
651,52.0,M,Hainan,M,0.7746160794941283,0.4965257672264043
652,52.0,F,Hainan,M,0.7746160794941283,0.4965257672264043
653,40.0,M,Hainan,Y,3.1410256410256414,1.948863636363637
654,26.0,M,Hainan,Y,3.1410256410256414,9.744318181818183
657,50.0,M,Hainan,Y,3.1410256410256414,0.4965257672264043
658,95.0,F,Hainan,L,0.7190775681341719,0.2502553626149132
659,55.0,M,Hainan,M,0.7746160794941283,0.4965257672264043
660,55.0,F,Hainan,M,0.7746160794941283,0.4965257672264043
670,68.0,M,Hainan,M,0.7746160794941283,0.4782487451199109
671,52.0,F,Hainan,M,0.7746160794941283,0.4965257672264043
675,21.0,M,Hainan,Y,3.1410256410256414,9.744318181818183
678,46.0,F,Hainan,Y,3.1410256410256414,1.948863636363637
684,97.0,M,Hainan,L,0.7190775681341719,0.2502553626149132
685,67.0,M,Hainan,M,0.7746160794941283,0.4782487451199109
686,93.0,F,Hainan,L,0.7190775681341719,0.2502553626149132
687,96.0,M,Hainan,L,0.7190775681341719,0.2502553626149132
688,47.0,M,Hainan,Y,3.1410256410256414,1.948863636363637
689,65.0,F,Hainan,M,0.7746160794941283,0.4782487451199109
690,39.0,F,Hainan,Y,3.1410256410256414,2.598484848484849
384,102.0,M,Hainan,L,0.7190775681341719,0.9280303030303032
388,101.0,F,Hainan,L,0.7190775681341719,0.9280303030303032
389,63.0,M,Hainan,M,0.7746160794941283,0.4782487451199109
394,96.0,F,Hainan,L,0.7190775681341719,0.2502553626149132
395,62.0,M,Hainan,M,0.7746160794941283,0.4782487451199109
396,60.0,F,Hainan,M,0.7746160794941283,0.4782487451199109
403,96.0,F,Hainan,L,0.7190775681341719,0.2502553626149132
404,26.0,M,Hainan,Y,3.1410256410256414,9.744318181818183
405,60.0,F,Hainan,M,0.7746160794941283,0.4782487451199109
406,95.0,F,Hainan,L,0.7190775681341719,0.2502553626149132
408,95.0,M,Hainan,L,0.7190775681341719,0.2502553626149132
409,98.0,F,Hainan,L,0.7190775681341719,0.2502553626149132
411,95.0,F,Hainan,L,0.7190775681341719,0.2502553626149132
412,58.0,M,Hainan,M,0.7746160794941283,0.4965257672264043
413,32.0,M,Hainan,Y,3.1410256410256414,2.598484848484849
414,32.0,F,Hainan,Y,3.1410256410256414,2.598484848484849
420,77.0,F,Hainan,M,0.7746160794941283,1.4848484848484853
421,95.0,F,Hainan,L,0.7190775681341719,0.2502553626149132
422,64.0,M,Hainan,M,0.7746160794941283,0.4782487451199109
423,54.0,F,Hainan,M,0.7746160794941283,0.4965257672264043
424,40.0,F,Hainan,Y,3.1410256410256414,1.948863636363637
425,95.0,M,Hainan,L,0.7190775681341719,0.2502553626149132
426,59.0,F,Hainan,M,0.7746160794941283,0.4965257672264043
427,59.0,M,Hainan,M,0.7746160794941283,0.4965257672264043
428,95.0,F,Hainan,L,0.7190775681341719,0.2502553626149132
429,54.0,M,Hainan,M,0.7746160794941283,0.4965257672264043
430,53.0,F,Hainan,M,0.7746160794941283,0.4965257672264043
434,95.0,M,Hainan,L,0.7190775681341719,0.2502553626149132
435,62.0,M,Hainan,M,0.7746160794941283,0.4782487451199109
436,62.0,F,Hainan,M,0.7746160794941283,0.4782487451199109
437,37.0,M,Hainan,Y,3.1410256410256414,2.598484848484849
438,35.0,M,Hainan,Y,3.1410256410256414,2.598484848484849
447,101.0,F,Hainan,L,0.7190775681341719,0.9280303030303032
449,66.0,M,Hainan,M,0.7746160794941283,0.4782487451199109
450,62.0,F,Hainan,M,0.7746160794941283,0.4782487451199109
451,102.0,F,Hainan,L,0.7190775681341719,0.9280303030303032
457,103.0,F,Hainan,L,0.7190775681341719,0.9280303030303032
458,58.0,M,Hainan,M,0.7746160794941283,0.4965257672264043
459,59.0,F,Hainan,M,0.7746160794941283,0.4965257672264043
463,103.0,F,Hainan,L,0.7190775681341719,0.9280303030303032
464,32.0,M,Hainan,Y,3.1410256410256414,2.598484848484849
465,64.0,M,Hainan,M,0.7746160794941283,0.4782487451199109
466,62.0,F,Hainan,M,0.7746160794941283,0.4782487451199109
469,100.0,F,Hainan,L,0.7190775681341719,0.9280303030303032
470,57.0,M,Hainan,M,0.7746160794941283,0.4965257672264043
471,96.0,M,Hainan,L,0.7190775681341719,0.2502553626149132
472,86.0,M,Hainan,M,0.7746160794941283,10.393939393939396
475,96.0,M,Hainan,L,0.7190775681341719,0.2502553626149132
476,35.0,M,Hainan,Y,3.1410256410256414,2.598484848484849
477,61.0,F,Hainan,M,0.7746160794941283,0.4782487451199109
478,32.0,F,Hainan,Y,3.1410256410256414,2.598484848484849
484,96.0,F,Hainan,L,0.7190775681341719,0.2502553626149132
485,58.0,F,Hainan,M,0.7746160794941283,0.4965257672264043
486,26.0,M,Hainan,Y,3.1410256410256414,9.744318181818183
487,23.0,F,Hainan,Y,3.1410256410256414,9.744318181818183
489,71.0,M,Hainan,M,0.7746160794941283,1.4848484848484853
493,98.0,F,Hainan,L,0.7190775681341719,0.2502553626149132
495,63.0,F,Hainan,M,0.7746160794941283,0.4782487451199109
496,32.0,M,Hainan,Y,3.1410256410256414,2.598484848484849
502,95.0,F,Hainan,L,0.7190775681341719,0.2502553626149132
503,67.0,M,Hainan,M,0.7746160794941283,0.4782487451199109
511,95.0,M,Hainan,L,0.7190775681341719,0.2502553626149132
514,54.0,M,Hainan,M,0.7746160794941283,0.4965257672264043
515,95.0,F,Hainan,L,0.7190775681341719,0.2502553626149132
516,54.0,M,Hainan,M,0.7746160794941283,0.4965257672264043
522,43.0,M,Hainan,Y,3.1410256410256414,1.948863636363637
525,24.0,M,Hainan,Y,3.1410256410256414,9.744318181818183
533,95.0,F,Hainan,L,0.7190775681341719,0.2502553626149132
534,62.0,M,Hainan,M,0.7746160794941283,0.4782487451199109
535,62.0,F,Hainan,M,0.7746160794941283,0.4782487451199109
536,99.0,F,Hainan,L,0.7190775681341719,0.2502553626149132
540,97.0,F,Hainan,L,0.7190775681341719,0.2502553626149132
541,63.0,M,Hainan,M,0.7746160794941283,0.4782487451199109
544,95.0,F,Hainan,L,0.7190775681341719,0.2502553626149132
549,96.0,M,Hainan,L,0.7190775681341719,0.2502553626149132
550,93.0,F,Hainan,L,0.7190775681341719,0.2502553626149132
551,28.0,M,Hainan,Y,3.1410256410256414,9.744318181818183
554,45.0,M,Hainan,Y,3.1410256410256414,1.948863636363637
556,95.0,F,Hainan,L,0.7190775681341719,0.2502553626149132
560,95.0,F,Hainan,L,0.7190775681341719,0.2502553626149132
572,41.0,F,Hainan,Y,3.1410256410256414,1.948863636363637
574,95.0,F,Hainan,L,0.7190775681341719,0.2502553626149132
575,61.0,F,Hainan,M,0.7746160794941283,0.4782487451199109
578,52.0,M,Hainan,M,0.7746160794941283,0.4965257672264043
579,95.0,F,Hainan,L,0.7190775681341719,0.2502553626149132
580,55.0,M,Hainan,M,0.7746160794941283,0.4965257672264043
584,95.0,F,Hainan,L,0.7190775681341719,0.2502553626149132
585,57.0,F,Hainan,M,0.7746160794941283,0.4965257672264043
586,59.0,M,Hainan,M,0.7746160794941283,0.4965257672264043
587,96.0,F,Hainan,L,0.7190775681341719,0.2502553626149132
588,61.0,F,Hainan,M,0.7746160794941283,0.4782487451199109
589,66.0,M,Hainan,M,0.7746160794941283,0.4782487451199109
592,66.0,M,Hainan,M,0.7746160794941283,0.4782487451199109
593,95.0,F,Hainan,L,0.7190775681341719,0.2502553626149132
594,62.0,F,Hainan,M,0.7746160794941283,0.4782487451199109
595,31.0,M,Hainan,Y,3.1410256410256414,2.598484848484849
610,96.0,M,Hainan,L,0.7190775681341719,0.2502553626149132
611,59.0,M,Hainan,M,0.7746160794941283,0.4965257672264043
612,57.0,F,Hainan,M,0.7746160794941283,0.4965257672264043
613,68.0,M,Hainan,M,0.7746160794941283,0.4782487451199109
614,96.0,F,Hainan,L,0.7190775681341719,0.2502553626149132
616,36.0,M,Hainan,Y,3.1410256410256414,2.598484848484849
617,65.0,M,Hainan,M,0.7746160794941283,0.4782487451199109
622,48.0,M,Hainan,Y,3.1410256410256414,1.948863636363637
624,97.0,M,Hainan,L,0.7190775681341719,0.2502553626149132
626,99.0,F,Hainan,L,0.7190775681341719,0.2502553626149132
627,61.0,M,Hainan,M,0.7746160794941283,0.4782487451199109
628,61.0,F,Hainan,M,0.7746160794941283,0.4782487451199109
634,97.0,F,Hainan,L,0.7190775681341719,0.2502553626149132
635,52.0,M,Hainan,M,0.7746160794941283,0.4965257672264043
645,95.0,M,Hainan,L,0.7190775681341719,0.2502553626149132
646,54.0,M,Hainan,M,0.7746160794941283,0.4965257672264043
655,96.0,F,Hainan,L,0.7190775681341719,0.2502553626149132
661,98.0,F,Hainan,L,0.7190775681341719,0.2502553626149132
662,58.0,M,Hainan,M,0.7746160794941283,0.4965257672264043
663,54.0,F,Hainan,M,0.7746160794941283,0.4965257672264043
664,64.0,M,Hainan,M,0.7746160794941283,0.4782487451199109
665,97.0,M,Hainan,L,0.7190775681341719,0.2502553626149132
666,63.0,M,Hainan,M,0.7746160794941283,0.4782487451199109
667,64.0,F,Hainan,M,0.7746160794941283,0.4782487451199109
668,96.0,M,Hainan,L,0.7190775681341719,0.2502553626149132
669,55.0,M,Hainan,M,0.7746160794941283,0.4965257672264043
672,54.0,F,Hainan,M,0.7746160794941283,0.4965257672264043
673,30.0,M,Hainan,Y,3.1410256410256414,2.598484848484849
674,30.0,F,Hainan,Y,3.1410256410256414,2.598484848484849
676,95.0,F,Hainan,L,0.7190775681341719,0.2502553626149132
677,54.0,M,Hainan,M,0.7746160794941283,0.4965257672264043
679,97.0,F,Hainan,L,0.7190775681341719,0.2502553626149132
680,62.0,M,Hainan,M,0.7746160794941283,0.4782487451199109
681,35.0,F,Hainan,Y,3.1410256410256414,2.598484848484849
682,61.0,F,Hainan,M,0.7746160794941283,0.4782487451199109
683,37.0,M,Hainan,Y,3.1410256410256414,2.598484848484849
691,97.0,M,Hainan,L,0.7190775681341719,0.2502553626149132
692,68.0,M,Hainan,M,0.7746160794941283,0.4782487451199109
693,26.0,M,Hainan,Y,3.1410256410256414,9.744318181818183
694,27.0,F,Hainan,Y,3.1410256410256414,9.744318181818183
695,102.0,F,Hainan,L,0.7190775681341719,0.9280303030303032
696,48.0,F,Hainan,Y,3.1410256410256414,1.948863636363637
697,52.0,M,Hainan,M,0.7746160794941283,0.4965257672264043
698,97.0,F,Hainan,L,0.7190775681341719,0.2502553626149132
700,57.0,F,Hainan,M,0.7746160794941283,0.4965257672264043
702,99.0,M,Hainan,L,0.7190775681341719,0.2502553626149132
703,47.0,M,Hainan,Y,3.1410256410256414,1.948863636363637
707,67.0,M,Hainan,M,0.7746160794941283,0.4782487451199109
711,58.0,M,Hainan,M,0.7746160794941283,0.4965257672264043
714,66.0,M,Hainan,M,0.7746160794941283,0.4782487451199109
715,98.0,F,Hainan,L,0.7190775681341719,0.2502553626149132
716,75.0,M,Hainan,M,0.7746160794941283,1.4848484848484853
717,56.0,F,Hainan,M,0.7746160794941283,0.4965257672264043
718,29.0,M,Hainan,Y,3.1410256410256414,9.744318181818183
720,52.0,M,Hainan,M,0.7746160794941283,0.4965257672264043
721,39.0,F,Hainan,Y,3.1410256410256414,2.598484848484849
722,97.0,F,Hainan,L,0.7190775681341719,0.2502553626149132
723,52.0,M,Hainan,M,0.7746160794941283,0.4965257672264043
724,51.0,F,Hainan,M,0.7746160794941283,0.4965257672264043
726,61.0,M,Hainan,M,0.7746160794941283,0.4782487451199109
727,64.0,F,Hainan,M,0.7746160794941283,0.4782487451199109
728,101.0,M,Hainan,L,0.7190775681341719,0.9280303030303032
729,55.0,M,Hainan,M,0.7746160794941283,0.4965257672264043
731,57.0,M,Hainan,M,0.7746160794941283,0.4965257672264043
732,34.0,F,Hainan,Y,3.1410256410256414,2.598484848484849
733,103.0,F,Hainan,L,0.7190775681341719,0.9280303030303032
734,58.0,M,Hainan,M,0.7746160794941283,0.4965257672264043
735,55.0,F,Hainan,M,0.7746160794941283,0.4965257672264043
739,55.0,M,Hainan,M,0.7746160794941283,0.4965257672264043
740,51.0,F,Hainan,M,0.7746160794941283,0.4965257672264043
741,105.0,F,Hainan,L,0.7190775681341719,0.9280303030303032
743,107.0,F,Hainan,L,0.7190775681341719,0.9280303030303032
744,53.0,M,Hainan,M,0.7746160794941283,0.4965257672264043
746,61.0,M,Hainan,M,0.7746160794941283,0.4782487451199109
747,102.0,F,Hainan,L,0.7190775681341719,0.9280303030303032
750,69.0,M,Hainan,M,0.7746160794941283,0.4782487451199109
751,63.0,F,Hainan,M,0.7746160794941283,0.4782487451199109
753,107.0,F,Hainan,L,0.7190775681341719,0.9280303030303032
754,58.0,M,Hainan,M,0.7746160794941283,0.4965257672264043
755,95.0,M,Hainan,L,0.7190775681341719,0.2502553626149132
757,107.0,F,Hainan,L,0.7190775681341719,0.9280303030303032
758,51.0,M,Hainan,M,0.7746160794941283,0.4965257672264043
759,99.0,F,Hainan,L,0.7190775681341719,0.2502553626149132
760,59.0,M,Hainan,M,0.7746160794941283,0.4965257672264043
761,66.0,M,Hainan,M,0.7746160794941283,0.4782487451199109
762,100.0,F,Hainan,L,0.7190775681341719,0.9280303030303032
763,60.0,M,Hainan,M,0.7746160794941283,0.4782487451199109
764,95.0,F,Hainan,L,0.7190775681341719,0.2502553626149132
767,103.0,M,Hainan,L,0.7190775681341719,0.9280303030303032
768,45.0,M,Hainan,Y,3.1410256410256414,1.948863636363637
769,51.0,F,Hainan,M,0.7746160794941283,0.4965257672264043
770,53.0,M,Hainan,M,0.7746160794941283,0.4965257672264043
772,98.0,M,Hainan,L,0.7190775681341719,0.2502553626149132
773,55.0,F,Hainan,M,0.7746160794941283,0.4965257672264043
774,97.0,M,Hainan,L,0.7190775681341719,0.2502553626149132
775,54.0,M,Hainan,M,0.7746160794941283,0.4965257672264043
776,96.0,F,Hainan,L,0.7190775681341719,0.2502553626149132
777,95.0,F,Hainan,L,0.7190775681341719,0.2502553626149132
778,54.0,M,Hainan,M,0.7746160794941283,0.4965257672264043
779,102.0,F,Hainan,L,0.7190775681341719,0.9280303030303032
780,54.0,M,Hainan,M,0.7746160794941283,0.4965257672264043
781,96.0,F,Hainan,L,0.7190775681341719,0.2502553626149132
784,101.0,F,Hainan,L,0.7190775681341719,0.9280303030303032
785,64.0,M,Hainan,M,0.7746160794941283,0.4782487451199109
786,49.0,F,Hainan,Y,3.1410256410256414,1.948863636363637
787,110.0,F,Hainan,L,0.7190775681341719,38.977272727272734
788,39.0,M,Hainan,Y,3.1410256410256414,2.598484848484849
789,100.0,M,Hainan,L,0.7190775681341719,0.9280303030303032
790,105.0,F,Hainan,L,0.7190775681341719,0.9280303030303032
791,53.0,M,Hainan,M,0.7746160794941283,0.4965257672264043
792,95.0,F,Hainan,L,0.7190775681341719,0.2502553626149132
793,96.0,M,Hainan,L,0.7190775681341719,0.2502553626149132
795,62.0,M,Hainan,M,0.7746160794941283,0.4782487451199109
796,97.0,M,Hainan,L,0.7190775681341719,0.2502553626149132
799,54.0,M,Hainan,M,0.7746160794941283,0.4965257672264043
800,106.0,F,Hainan,L,0.7190775681341719,0.9280303030303032
801,49.0,F,Hainan,Y,3.1410256410256414,1.948863636363637
804,95.0,M,Hainan,L,0.7190775681341719,0.2502553626149132
806,96.0,M,Hainan,L,0.7190775681341719,0.2502553626149132
808,97.0,M,Hainan,L,0.7190775681341719,0.2502553626149132
810,108.0,F,Hainan,L,0.7190775681341719,0.9280303030303032
811,64.0,M,Hainan,M,0.7746160794941283,0.4782487451199109
813,53.0,M,Hainan,M,0.7746160794941283,0.4965257672264043
816,97.0,F,Hainan,L,0.7190775681341719,0.2502553626149132
818,107.0,F,Hainan,L,0.7190775681341719,0.9280303030303032
821,63.0,M,Hainan,M,0.7746160794941283,0.4782487451199109
822,99.0,M,Hainan,L,0.7190775681341719,0.2502553626149132
823,60.0,F,Hainan,M,0.7746160794941283,0.4782487451199109
824,104.0,F,Hainan,L,0.7190775681341719,0.9280303030303032
825,57.0,M,Hainan,M,0.7746160794941283,0.4965257672264043
826,105.0,F,Hainan,L,0.7190775681341719,0.9280303030303032
827,38.0,M,Hainan,Y,3.1410256410256414,2.598484848484849
828,97.0,F,Hainan,L,0.7190775681341719,0.2502553626149132
829,58.0,M,Hainan,M,0.7746160794941283,0.4965257672264043
830,102.0,F,Hainan,L,0.7190775681341719,0.9280303030303032
831,50.0,M,Hainan,Y,3.1410256410256414,0.4965257672264043
832,99.0,F,Hainan,L,0.7190775681341719,0.2502553626149132
834,96.0,F,Hainan,L,0.7190775681341719,0.2502553626149132
835,72.0,M,Hainan,M,0.7746160794941283,1.4848484848484853
836,108.0,F,Hainan,L,0.7190775681341719,0.9280303030303032
837,53.0,M,Hainan,M,0.7746160794941283,0.4965257672264043
838,106.0,F,Hainan,L,0.7190775681341719,0.9280303030303032
839,50.0,M,Hainan,Y,3.1410256410256414,0.4965257672264043
840,104.0,F,Hainan,L,0.7190775681341719,0.9280303030303032
845,96.0,M,Hainan,L,0.7190775681341719,0.2502553626149132
852,63.0,M,Hainan,M,0.7746160794941283,0.4782487451199109
856,95.0,F,Hainan,L,0.7190775681341719,0.2502553626149132
861,52.0,M,Hainan,M,0.7746160794941283,0.4965257672264043
863,62.0,F,Hainan,M,0.7746160794941283,0.4782487451199109
864,100.0,F,Hainan,L,0.7190775681341719,0.9280303030303032
865,38.0,M,Hainan,Y,3.1410256410256414,2.598484848484849
866,34.0,F,Hainan,Y,3.1410256410256414,2.598484848484849
871,49.0,F,Hainan,Y,3.1410256410256414,1.948863636363637
872,101.0,F,Hainan,L,0.7190775681341719,0.9280303030303032
873,63.0,F,Hainan,M,0.7746160794941283,0.4782487451199109
874,99.0,F,Hainan,L,0.7190775681341719,0.2502553626149132
875,55.0,M,Hainan,M,0.7746160794941283,0.4965257672264043
876,95.0,F,Hainan,L,0.7190775681341719,0.2502553626149132
877,104.0,F,Hainan,L,0.7190775681341719,0.9280303030303032
878,60.0,M,Hainan,M,0.7746160794941283,0.4782487451199109
881,96.0,F,Hainan,L,0.7190775681341719,0.2502553626149132
882,65.0,M,Hainan,M,0.7746160794941283,0.4782487451199109
884,104.0,F,Hainan,L,0.7190775681341719,0.9280303030303032
885,99.0,M,Hainan,L,0.7190775681341719,0.2502553626149132
886,51.0,M,Hainan,M,0.7746160794941283,0.4965257672264043
887,96.0,F,Hainan,L,0.7190775681341719,0.2502553626149132
889,53.0,F,Hainan,M,0.7746160794941283,0.4965257672264043
890,99.0,F,Hainan,L,0.7190775681341719,0.2502553626149132
893,95.0,F,Hainan,L,0.7190775681341719,0.2502553626149132
894,61.0,M,Hainan,M,0.7746160794941283,0.4782487451199109
895,59.0,M,Hainan,M,0.7746160794941283,0.4965257672264043
896,103.0,F,Hainan,L,0.7190775681341719,0.9280303030303032
897,95.0,F,Hainan,L,0.7190775681341719,0.2502553626149132
898,95.0,M,Hainan,L,0.7190775681341719,0.2502553626149132
900,95.0,M,Hainan,L,0.7190775681341719,0.2502553626149132
901,70.0,M,Hainan,M,0.7746160794941283,1.4848484848484853
903,55.0,F,Hainan,M,0.7746160794941283,0.4965257672264043
904,100.0,F,Hainan,L,0.7190775681341719,0.9280303030303032
905,52.0,F,Hainan,M,0.7746160794941283,0.4965257672264043
906,105.0,M,Hainan,L,0.7190775681341719,0.9280303030303032
907,100.0,F,Hainan,L,0.7190775681341719,0.9280303030303032
908,44.0,F,Hainan,Y,3.1410256410256414,1.948863636363637
910,59.0,F,Hainan,M,0.7746160794941283,0.4965257672264043
912,65.0,F,Hainan,M,0.7746160794941283,0.4782487451199109
914,49.0,M,Hainan,Y,3.1410256410256414,1.948863636363637
915,101.0,F,Hainan,L,0.7190775681341719,0.9280303030303032
917,54.0,M,Hainan,M,0.7746160794941283,0.4965257672264043
919,95.0,F,Hainan,L,0.7190775681341719,0.2502553626149132
922,59.0,M,Hainan,M,0.7746160794941283,0.4965257672264043
924,38.0,M,Hainan,Y,3.1410256410256414,2.598484848484849
927,99.0,F,Hainan,L,0.7190775681341719,0.2502553626149132
929,95.0,F,Hainan,L,0.7190775681341719,0.2502553626149132
931,99.0,F,Hainan,L,0.7190775681341719,0.2502553626149132
932,62.0,M,Hainan,M,0.7746160794941283,0.4782487451199109
933,99.0,M,Hainan,L,0.7190775681341719,0.2502553626149132
934,55.0,M,Hainan,M,0.7746160794941283,0.4965257672264043
935,97.0,F,Hainan,L,0.7190775681341719,0.2502553626149132
937,38.0,M,Hainan,Y,3.1410256410256414,2.598484848484849
938,38.0,F,Hainan,Y,3.1410256410256414,2.598484848484849
939,95.0,F,Hainan,L,0.7190775681341719,0.2502553626149132
941,108.0,F,Hainan,L,0.7190775681341719,0.9280303030303032
942,37.0,F,Hainan,Y,3.1410256410256414,2.598484848484849
943,95.0,F,Hainan,L,0.7190775681341719,0.2502553626149132
945,98.0,F,Hainan,L,0.7190775681341719,0.2502553626149132
947,95.0,F,Hainan,L,0.7190775681341719,0.2502553626149132
948,58.0,M,Hainan,M,0.7746160794941283,0.4965257672264043
949,101.0,F,Hainan,L,0.7190775681341719,0.9280303030303032
950,64.0,M,Hainan,M,0.7746160794941283,0.4782487451199109
951,96.0,F,Hainan,L,0.7190775681341719,0.2502553626149132
952,96.0,F,Hainan,L,0.7190775681341719,0.2502553626149132
953,38.0,M,Hainan,Y,3.1410256410256414,2.598484848484849
955,45.0,M,Hainan,Y,3.1410256410256414,1.948863636363637
956,97.0,F,Hainan,L,0.7190775681341719,0.2502553626149132
957,99.0,F,Hainan,L,0.7190775681341719,0.2502553626149132
962,49.0,F,Hainan,Y,3.1410256410256414,1.948863636363637
964,66.0,M,Hainan,M,0.7746160794941283,0.4782487451199109
965,99.0,F,Hainan,L,0.7190775681341719,0.2502553626149132
966,50.0,M,Hainan,Y,3.1410256410256414,0.4965257672264043
968,96.0,M,Hainan,L,0.7190775681341719,0.2502553626149132
970,113.0,F,Hainan,L,0.7190775681341719,38.977272727272734
971,56.0,F,Hainan,M,0.7746160794941283,0.4965257672264043
972,102.0,F,Hainan,L,0.7190775681341719,0.9280303030303032
973,63.0,F,Hainan,M,0.7746160794941283,0.4782487451199109
974,96.0,M,Hainan,L,0.7190775681341719,0.2502553626149132
978,97.0,F,Hainan,L,0.7190775681341719,0.2502553626149132
979,103.0,M,Hainan,L,0.7190775681341719,0.9280303030303032
982,101.0,F,Hainan,L,0.7190775681341719,0.9280303030303032
983,37.0,M,Hainan,Y,3.1410256410256414,2.598484848484849
984,97.0,F,Hainan,L,0.7190775681341719,0.2502553626149132
985,64.0,M,Hainan,M,0.7746160794941283,0.4782487451199109
986,105.0,F,Hainan,L,0.7190775681341719,0.9280303030303032
987,59.0,M,Hainan,M,0.7746160794941283,0.4965257672264043
988,95.0,F,Hainan,L,0.7190775681341719,0.2502553626149132
989,51.0,M,Hainan,M,0.7746160794941283,0.4965257672264043
991,97.0,F,Hainan,L,0.7190775681341719,0.2502553626149132
992,58.0,M,Hainan,M,0.7746160794941283,0.4965257672264043
993,57.0,F,Hainan,M,0.7746160794941283,0.4965257672264043
995,49.0,F,Hainan,Y,3.1410256410256414,1.948863636363637
996,105.0,M,Hainan,L,0.7190775681341719,0.9280303030303032
998,47.0,F,Hainan,Y,3.1410256410256414,1.948863636363637
999,48.0,F,Hainan,Y,3.1410256410256414,1.948863636363637
1001,101.0,F,Hainan,L,0.7190775681341719,0.9280303030303032
1002,42.0,F,Hainan,Y,3.1410256410256414,1.948863636363637
1003,102.0,F,Hainan,L,0.7190775681341719,0.9280303030303032
1004,76.0,M,Hainan,M,0.7746160794941283,1.4848484848484853
1005,109.0,F,Hainan,L,0.7190775681341719,0.9280303030303032
1006,60.0,M,Hainan,M,0.7746160794941283,0.4782487451199109
1007,103.0,M,Hainan,L,0.7190775681341719,0.9280303030303032
1008,53.0,M,Hainan,M,0.7746160794941283,0.4965257672264043
1009,52.0,F,Hainan,M,0.7746160794941283,0.4965257672264043
1010,98.0,F,Hainan,L,0.7190775681341719,0.2502553626149132
1011,52.0,F,Hainan,M,0.7746160794941283,0.4965257672264043
1012,52.0,F,Hainan,M,0.7746160794941283,0.4965257672264043
1013,96.0,F,Hainan,L,0.7190775681341719,0.2502553626149132
1014,66.0,M,Hainan,M,0.7746160794941283,0.4782487451199109
1015,98.0,F,Hainan,L,0.7190775681341719,0.2502553626149132
1016,55.0,F,Hainan,M,0.7746160794941283,0.4965257672264043
1018,62.0,F,Hainan,M,0.7746160794941283,0.4782487451199109
1020,67.0,M,Hainan,M,0.7746160794941283,0.4782487451199109
1021,65.0,F,Hainan,M,0.7746160794941283,0.4782487451199109
1022,64.0,M,Hainan,M,0.7746160794941283,0.4782487451199109
1023,97.0,F,Hainan,L,0.7190775681341719,0.2502553626149132
1024,100.0,F,Hainan,L,0.7190775681341719,0.9280303030303032
1025,66.0,F,Hainan,M,0.7746160794941283,0.4782487451199109
1026,97.0,F,Hainan,L,0.7190775681341719,0.2502553626149132
1030,57.0,F,Hainan,M,0.7746160794941283,0.4965257672264043
1031,102.0,F,Hainan,L,0.7190775681341719,0.9280303030303032
1032,65.0,F,Hainan,M,0.7746160794941283,0.4782487451199109
1033,53.0,F,Hainan,M,0.7746160794941283,0.4965257672264043
1034,39.0,F,Hainan,Y,3.1410256410256414,2.598484848484849
1035,96.0,F,Hainan,L,0.7190775681341719,0.2502553626149132
1037,99.0,F,Hainan,L,0.7190775681341719,0.2502553626149132
1038,95.0,F,Hainan,L,0.7190775681341719,0.2502553626149132
1039,48.0,F,Hainan,Y,3.1410256410256414,1.948863636363637
1041,60.0,M,Hainan,M,0.7746160794941283,0.4782487451199109
1042,101.0,F,Hainan,L,0.7190775681341719,0.9280303030303032
1043,96.0,F,Hainan,L,0.7190775681341719,0.2502553626149132
1046,101.0,F,Hainan,L,0.7190775681341719,0.9280303030303032
1047,102.0,F,Hainan,L,0.7190775681341719,0.9280303030303032
1048,40.0,M,Hainan,Y,3.1410256410256414,1.948863636363637
1049,97.0,M,Hainan,L,0.7190775681341719,0.2502553626149132
1050,55.0,F,Hainan,M,0.7746160794941283,0.4965257672264043
1052,97.0,F,Hainan,L,0.7190775681341719,0.2502553626149132
1053,95.0,F,Hainan,L,0.7190775681341719,0.2502553626149132
1054,95.0,M,Hainan,L,0.7190775681341719,0.2502553626149132
1055,52.0,M,Hainan,M,0.7746160794941283,0.4965257672264043
1056,96.0,M,Hainan,L,0.7190775681341719,0.2502553626149132
1062,101.0,F,Hainan,L,0.7190775681341719,0.9280303030303032
1063,96.0,M,Hainan,L,0.7190775681341719,0.2502553626149132
1065,96.0,F,Hainan,L,0.7190775681341719,0.2502553626149132
1066,58.0,F,Hainan,M,0.7746160794941283,0.4965257672264043
1067,98.0,F,Hainan,L,0.7190775681341719,0.2502553626149132
1068,95.0,F,Hainan,L,0.7190775681341719,0.2502553626149132
1069,104.0,F,Hainan,L,0.7190775681341719,0.9280303030303032
1070,66.0,M,Hainan,M,0.7746160794941283,0.4782487451199109
1071,104.0,F,Hainan,L,0.7190775681341719,0.9280303030303032
1073,31.0,M,Hainan,Y,3.1410256410256414,2.598484848484849
1074,100.0,M,Hainan,L,0.7190775681341719,0.9280303030303032
1076,96.0,F,Hainan,L,0.7190775681341719,0.2502553626149132
1078,95.0,F,Hainan,L,0.7190775681341719,0.2502553626149132
1079,65.0,M,Hainan,M,0.7746160794941283,0.4782487451199109
1080,96.0,M,Hainan,L,0.7190775681341719,0.2502553626149132
1081,99.0,M,Hainan,L,0.7190775681341719,0.2502553626149132
1082,95.0,F,Hainan,L,0.7190775681341719,0.2502553626149132
1083,55.0,M,Hainan,M,0.7746160794941283,0.4965257672264043
1084,105.0,F,Hainan,L,0.7190775681341719,0.9280303030303032
1085,41.0,M,Hainan,Y,3.1410256410256414,1.948863636363637
1086,109.0,M,Hainan,L,0.7190775681341719,0.9280303030303032
1087,97.0,M,Hainan,L,0.7190775681341719,0.2502553626149132
1088,97.0,F,Hainan,L,0.7190775681341719,0.2502553626149132
1089,61.0,M,Hainan,M,0.7746160794941283,0.4782487451199109
1090,102.0,M,Hainan,L,0.7190775681341719,0.9280303030303032
1091,95.0,M,Hainan,L,0.7190775681341719,0.2502553626149132
1092,60.0,M,Hainan,M,0.7746160794941283,0.4782487451199109
1093,34.0,M,Hainan,Y,3.1410256410256414,2.598484848484849
1097,95.0,M,Hainan,L,0.7190775681341719,0.2502553626149132
1098,43.0,M,Hainan,Y,3.1410256410256414,1.948863636363637
1099,98.0,M,Hainan,L,0.7190775681341719,0.2502553626149132
1100,25.0,M,Hainan,Y,3.1410256410256414,9.744318181818183
1102,61.0,M,Hainan,M,0.7746160794941283,0.4782487451199109
1103,96.0,M,Hainan,L,0.7190775681341719,0.2502553626149132
1104,66.0,M,Hainan,M,0.7746160794941283,0.4782487451199109
1105,102.0,F,Hainan,L,0.7190775681341719,0.9280303030303032
1106,53.0,M,Hainan,M,0.7746160794941283,0.4965257672264043
1570,53.0,F,Hainan,M,0.7746160794941283,0.4965257672264043
1574,103.0,F,Hainan,L,0.7190775681341719,0.9280303030303032
1576,96.0,M,Hainan,L,0.7190775681341719,0.2502553626149132
1577,93.0,F,Hainan,L,0.7190775681341719,0.2502553626149132
1578,94.0,F,Hainan,L,0.7190775681341719,0.2502553626149132
1579,95.0,F,Hainan,L,0.7190775681341719,0.2502553626149132
1580,96.0,M,Hainan,L,0.7190775681341719,0.2502553626149132
1582,96.0,F,Hainan,L,0.7190775681341719,0.2502553626149132
1583,65.0,F,Hainan,M,0.7746160794941283,0.4782487451199109
1584,73.0,M,Hainan,M,0.7746160794941283,1.4848484848484853
1585,94.0,M,Hainan,L,0.7190775681341719,0.2502553626149132
1586,95.0,F,Hainan,L,0.7190775681341719,0.2502553626149132
1587,60.0,M,Hainan,M,0.7746160794941283,0.4782487451199109
1588,97.0,F,Hainan,L,0.7190775681341719,0.2502553626149132
1589,74.0,F,Hainan,M,0.7746160794941283,1.4848484848484853
1592,94.0,F,Hainan,L,0.7190775681341719,0.2502553626149132
1593,78.0,M,Hainan,M,0.7746160794941283,1.4848484848484853
1596,62.0,F,Hainan,M,0.7746160794941283,0.4782487451199109
1597,66.0,M,Hainan,M,0.7746160794941283,0.4782487451199109
1600,66.0,M,Hainan,M,0.7746160794941283,0.4782487451199109
1601,62.0,F,Hainan,M,0.7746160794941283,0.4782487451199109
1602,63.0,F,Hainan,M,0.7746160794941283,0.4782487451199109
1603,76.0,F,Hainan,M,0.7746160794941283,1.4848484848484853
1604,95.0,F,Hainan,L,0.7190775681341719,0.2502553626149132
1605,53.0,M,Hainan,M,0.7746160794941283,0.4965257672264043
1606,55.0,M,Hainan,M,0.7746160794941283,0.4965257672264043
1607,60.0,M,Hainan,M,0.7746160794941283,0.4782487451199109
1608,95.0,F,Hainan,L,0.7190775681341719,0.2502553626149132
1609,90.0,F,Hainan,L,0.7190775681341719,0.2502553626149132
1610,65.0,F,Hainan,M,0.7746160794941283,0.4782487451199109
1611,58.0,F,Hainan,M,0.7746160794941283,0.4965257672264043
1612,63.0,M,Hainan,M,0.7746160794941283,0.4782487451199109
1613,94.0,F,Hainan,L,0.7190775681341719,0.2502553626149132
1614,53.0,F,Hainan,M,0.7746160794941283,0.4965257672264043
1615,94.0,F,Hainan,L,0.7190775681341719,0.2502553626149132
1616,63.0,M,Hainan,M,0.7746160794941283,0.4782487451199109
1617,74.0,F,Hainan,M,0.7746160794941283,1.4848484848484853
1618,76.0,M,Hainan,M,0.7746160794941283,1.4848484848484853
1619,66.0,F,Hainan,M,0.7746160794941283,0.4782487451199109
1620,96.0,F,Hainan,L,0.7190775681341719,0.2502553626149132
1621,96.0,F,Hainan,L,0.7190775681341719,0.2502553626149132
1622,72.0,F,Hainan,M,0.7746160794941283,1.4848484848484853
1624,54.0,F,Hainan,M,0.7746160794941283,0.4965257672264043
1625,58.0,F,Hainan,M,0.7746160794941283,0.4965257672264043
1626,95.0,F,Hainan,L,0.7190775681341719,0.2502553626149132
1627,73.0,F,Hainan,M,0.7746160794941283,1.4848484848484853
1628,55.0,M,Hainan,M,0.7746160794941283,0.4965257672264043
1629,64.0,F,Hainan,M,0.7746160794941283,0.4782487451199109
1630,69.0,M,Hainan,M,0.7746160794941283,0.4782487451199109
1631,94.0,F,Hainan,L,0.7190775681341719,0.2502553626149132
1632,69.0,M,Hainan,M,0.7746160794941283,0.4782487451199109
1633,70.0,M,Hainan,M,0.7746160794941283,1.4848484848484853
1634,34.0,F,Hainan,Y,3.1410256410256414,2.598484848484849
1635,36.0,F,Hainan,Y,3.1410256410256414,2.598484848484849
1637,64.0,F,Hainan,M,0.7746160794941283,0.4782487451199109
1638,101.0,F,Hainan,L,0.7190775681341719,0.9280303030303032
1639,72.0,F,Hainan,M,0.7746160794941283,1.4848484848484853
1640,98.0,F,Hainan,L,0.7190775681341719,0.2502553626149132
1641,63.0,F,Hainan,M,0.7746160794941283,0.4782487451199109
1643,52.0,M,Hainan,M,0.7746160794941283,0.4965257672264043
1644,66.0,F,Hainan,M,0.7746160794941283,0.4782487451199109
1645,71.0,F,Hainan,M,0.7746160794941283,1.4848484848484853
1647,96.0,F,Hainan,L,0.7190775681341719,0.2502553626149132
1648,74.0,F,Hainan,M,0.7746160794941283,1.4848484848484853
1649,45.0,F,Hainan,Y,3.1410256410256414,1.948863636363637
1650,53.0,F,Hainan,M,0.7746160794941283,0.4965257672264043
1651,57.0,M,Hainan,M,0.7746160794941283,0.4965257672264043
1652,95.0,F,Hainan,L,0.7190775681341719,0.2502553626149132
1653,68.0,F,Hainan,M,0.7746160794941283,0.4782487451199109
1654,95.0,F,Hainan,L,0.7190775681341719,0.2502553626149132
1656,64.0,M,Hainan,M,0.7746160794941283,0.4782487451199109
1657,94.0,F,Hainan,L,0.7190775681341719,0.2502553626149132
1658,69.0,F,Hainan,M,0.7746160794941283,0.4782487451199109
1659,95.0,F,Hainan,L,0.7190775681341719,0.2502553626149132
1660,98.0,F,Hainan,L,0.7190775681341719,0.2502553626149132
1661,61.0,M,Hainan,M,0.7746160794941283,0.4782487451199109
1663,73.0,M,Hainan,M,0.7746160794941283,1.4848484848484853
1664,80.0,F,Hainan,M,0.7746160794941283,10.393939393939396
1665,97.0,F,Hainan,L,0.7190775681341719,0.2502553626149132
1666,103.0,F,Hainan,L,0.7190775681341719,0.9280303030303032
1667,66.0,F,Hainan,M,0.7746160794941283,0.4782487451199109
1668,94.0,F,Hainan,L,0.7190775681341719,0.2502553626149132
1670,59.0,F,Hainan,M,0.7746160794941283,0.4965257672264043
1671,94.0,F,Hainan,L,0.7190775681341719,0.2502553626149132
1673,99.0,F,Hainan,L,0.7190775681341719,0.2502553626149132
1674,62.0,F,Hainan,M,0.7746160794941283,0.4782487451199109
1675,76.0,F,Hainan,M,0.7746160794941283,1.4848484848484853
1677,95.0,F,Hainan,L,0.7190775681341719,0.2502553626149132
1678,94.0,F,Hainan,L,0.7190775681341719,0.2502553626149132
1679,70.0,F,Hainan,M,0.7746160794941283,1.4848484848484853
1680,71.0,M,Hainan,M,0.7746160794941283,1.4848484848484853
1681,54.0,M,Hainan,M,0.7746160794941283,0.4965257672264043
1682,12.0,M,Hainan,Y,3.1410256410256414,38.977272727272734
1683,94.0,F,Hainan,L,0.7190775681341719,0.2502553626149132
1684,100.0,F,Hainan,L,0.7190775681341719,0.9280303030303032
1686,97.0,F,Hainan,L,0.7190775681341719,0.2502553626149132
1688,69.0,M,Hainan,M,0.7746160794941283,0.4782487451199109
1690,57.0,F,Hainan,M,0.7746160794941283,0.4965257672264043
1691,63.0,F,Hainan,M,0.7746160794941283,0.4782487451199109
1692,94.0,F,Hainan,L,0.7190775681341719,0.2502553626149132
1693,70.0,M,Hainan,M,0.7746160794941283,1.4848484848484853
1694,69.0,F,Hainan,M,0.7746160794941283,0.4782487451199109
1695,95.0,F,Hainan,L,0.7190775681341719,0.2502553626149132
1697,68.0,F,Hainan,M,0.7746160794941283,0.4782487451199109
1698,94.0,F,Hainan,L,0.7190775681341719,0.2502553626149132
1700,62.0,F,Hainan,M,0.7746160794941283,0.4782487451199109
1701,95.0,F,Hainan,L,0.7190775681341719,0.2502553626149132
1702,99.0,F,Hainan,L,0.7190775681341719,0.2502553626149132
1703,62.0,F,Hainan,M,0.7746160794941283,0.4782487451199109
1704,94.0,F,Hainan,L,0.7190775681341719,0.2502553626149132
1705,96.0,M,Hainan,L,0.7190775681341719,0.2502553626149132
1706,50.0,M,Hainan,Y,3.1410256410256414,0.4965257672264043
1707,101.0,F,Hainan,L,0.7190775681341719,0.9280303030303032
1708,62.0,F,Hainan,M,0.7746160794941283,0.4782487451199109
1709,64.0,F,Hainan,M,0.7746160794941283,0.4782487451199109
1710,65.0,M,Hainan,M,0.7746160794941283,0.4782487451199109
1711,94.0,F,Hainan,L,0.7190775681341719,0.2502553626149132
1712,55.0,F,Hainan,M,0.7746160794941283,0.4965257672264043
1713,61.0,M,Hainan,M,0.7746160794941283,0.4782487451199109
1714,96.0,F,Hainan,L,0.7190775681341719,0.2502553626149132
1716,55.0,M,Hainan,M,0.7746160794941283,0.4965257672264043
1717,57.0,F,Hainan,M,0.7746160794941283,0.4965257672264043
1719,96.0,F,Hainan,L,0.7190775681341719,0.2502553626149132
1720,97.0,M,Hainan,L,0.7190775681341719,0.2502553626149132
1722,95.0,F,Hainan,L,0.7190775681341719,0.2502553626149132
1723,96.0,F,Hainan,L,0.7190775681341719,0.2502553626149132
1724,99.0,F,Hainan,L,0.7190775681341719,0.2502553626149132
1725,99.0,F,Hainan,L,0.7190775681341719,0.2502553626149132
1726,96.0,F,Hainan,L,0.7190775681341719,0.2502553626149132
1727,97.0,M,Hainan,L,0.7190775681341719,0.2502553626149132
1729,99.0,F,Hainan,L,0.7190775681341719,0.2502553626149132
1735,98.0,F,Hainan,L,0.7190775681341719,0.2502553626149132
1736,65.0,F,Hainan,M,0.7746160794941283,0.4782487451199109
1737,95.0,F,Hainan,L,0.7190775681341719,0.2502553626149132
1738,95.0,F,Hainan,L,0.7190775681341719,0.2502553626149132
1740,97.0,M,Hainan,L,0.7190775681341719,0.2502553626149132
1743,96.0,F,Hainan,L,0.7190775681341719,0.2502553626149132
1745,97.0,F,Hainan,L,0.7190775681341719,0.2502553626149132
1746,97.0,F,Hainan,L,0.7190775681341719,0.2502553626149132
1748,98.0,F,Hainan,L,0.7190775681341719,0.2502553626149132
1749,60.0,F,Hainan,M,0.7746160794941283,0.4782487451199109
1750,100.0,F,Hainan,L,0.7190775681341719,0.9280303030303032
1751,70.0,F,Hainan,M,0.7746160794941283,1.4848484848484853
1752,95.0,F,Hainan,L,0.7190775681341719,0.2502553626149132
1753,63.0,F,Hainan,M,0.7746160794941283,0.4782487451199109
1754,99.0,F,Hainan,L,0.7190775681341719,0.2502553626149132
1755,61.0,F,Hainan,M,0.7746160794941283,0.4782487451199109
1756,94.0,F,Hainan,L,0.7190775681341719,0.2502553626149132
1757,95.0,M,Hainan,L,0.7190775681341719,0.2502553626149132
1758,95.0,F,Hainan,L,0.7190775681341719,0.2502553626149132
1759,67.0,F,Hainan,M,0.7746160794941283,0.4782487451199109
1761,94.0,M,Hainan,L,0.7190775681341719,0.2502553626149132
1762,48.0,F,Hainan,Y,3.1410256410256414,1.948863636363637
1763,96.0,F,Hainan,L,0.7190775681341719,0.2502553626149132
1764,59.0,F,Hainan,M,0.7746160794941283,0.4965257672264043
1769,51.0,F,Hainan,M,0.7746160794941283,0.4965257672264043
1770,62.0,F,Hainan,M,0.7746160794941283,0.4782487451199109
1771,95.0,M,Hainan,L,0.7190775681341719,0.2502553626149132
1772,54.0,F,Hainan,M,0.7746160794941283,0.4965257672264043
1773,97.0,M,Hainan,L,0.7190775681341719,0.2502553626149132
1774,53.0,F,Hainan,M,0.7746160794941283,0.4965257672264043
1775,95.0,F,Hainan,L,0.7190775681341719,0.2502553626149132
1776,97.0,M,Hainan,L,0.7190775681341719,0.2502553626149132
1777,97.0,F,Hainan,L,0.7190775681341719,0.2502553626149132
1778,53.0,F,Hainan,M,0.7746160794941283,0.4965257672264043
1779,94.0,F,Hainan,L,0.7190775681341719,0.2502553626149132
1782,102.0,F,Hainan,L,0.7190775681341719,0.9280303030303032
1784,95.0,F,Hainan,L,0.7190775681341719,0.2502553626149132
1785,64.0,F,Hainan,M,0.7746160794941283,0.4782487451199109
1786,106.0,F,Hainan,L,0.7190775681341719,0.9280303030303032
1787,70.0,F,Hainan,M,0.7746160794941283,1.4848484848484853
1788,94.0,F,Hainan,L,0.7190775681341719,0.2502553626149132
1789,67.0,F,Hainan,M,0.7746160794941283,0.4782487451199109
1790,99.0,F,Hainan,L,0.7190775681341719,0.2502553626149132
1791,71.0,F,Hainan,M,0.7746160794941283,1.4848484848484853
1792,97.0,F,Hainan,L,0.7190775681341719,0.2502553626149132
1793,65.0,F,Hainan,M,0.7746160794941283,0.4782487451199109
1868,97.0,F,Hainan,L,0.7190775681341719,0.2502553626149132
1869,65.0,F,Hainan,M,0.7746160794941283,0.4782487451199109
1870,99.0,F,Hainan,L,0.7190775681341719,0.2502553626149132
1873,99.0,F,Hainan,L,0.7190775681341719,0.2502553626149132
1874,50.0,F,Hainan,Y,3.1410256410256414,0.4965257672264043
1875,93.0,F,Hainan,L,0.7190775681341719,0.2502553626149132
1877,93.0,F,Hainan,L,0.7190775681341719,0.2502553626149132
1968,50.0,F,Hainan,Y,3.1410256410256414,0.4965257672264043
1974,64.0,F,Hainan,M,0.7746160794941283,0.4782487451199109
1981,71.0,F,Hainan,M,0.7746160794941283,1.4848484848484853
1990,94.0,M,Hainan,L,0.7190775681341719,0.2502553626149132
1999,97.0,F,Hainan,L,0.7190775681341719,0.2502553626149132
1937,63.0,F,Hainan,M,0.7746160794941283,0.4782487451199109
1943,49.0,F,Hainan,Y,3.1410256410256414,1.948863636363637
1949,95.0,F,Hainan,L,0.7190775681341719,0.2502553626149132
1961,69.0,M,Hainan,M,0.7746160794941283,0.4782487451199109
2016,96.0,F,Hainan,L,0.7190775681341719,0.2502553626149132
2017,41.0,F,Hainan,Y,3.1410256410256414,1.948863636363637
2018,96.0,M,Hainan,L,0.7190775681341719,0.2502553626149132
2019,58.0,F,Hainan,M,0.7746160794941283,0.4965257672264043
2020,95.0,F,Hainan,L,0.7190775681341719,0.2502553626149132
2021,101.0,F,Hainan,L,0.7190775681341719,0.9280303030303032
2022,81.0,M,Hainan,M,0.7746160794941283,10.393939393939396
2023,98.0,F,Hainan,L,0.7190775681341719,0.2502553626149132
1938,96.0,F,Hainan,L,0.7190775681341719,0.2502553626149132
1944,96.0,F,Hainan,L,0.7190775681341719,0.2502553626149132
1951,96.0,M,Hainan,L,0.7190775681341719,0.2502553626149132
1957,96.0,F,Hainan,L,0.7190775681341719,0.2502553626149132
1976,48.0,F,Hainan,Y,3.1410256410256414,1.948863636363637
2024,96.0,M,Hainan,L,0.7190775681341719,0.2502553626149132
2025,68.0,F,Hainan,M,0.7746160794941283,0.4782487451199109
2027,53.0,M,Hainan,M,0.7746160794941283,0.4965257672264043
2028,97.0,F,Hainan,L,0.7190775681341719,0.2502553626149132
2029,64.0,M,Hainan,M,0.7746160794941283,0.4782487451199109
2030,94.0,F,Hainan,L,0.7190775681341719,0.2502553626149132
1939,49.0,F,Hainan,Y,3.1410256410256414,1.948863636363637
1945,45.0,F,Hainan,Y,3.1410256410256414,1.948863636363637
1952,51.0,F,Hainan,M,0.7746160794941283,0.4965257672264043
1958,100.0,M,Hainan,L,0.7190775681341719,0.9280303030303032
1993,95.0,F,Hainan,L,0.7190775681341719,0.2502553626149132
2031,30.0,M,Hainan,Y,3.1410256410256414,2.598484848484849
2032,97.0,F,Hainan,L,0.7190775681341719,0.2502553626149132
2033,78.0,F,Hainan,M,0.7746160794941283,1.4848484848484853
2034,94.0,M,Hainan,L,0.7190775681341719,0.2502553626149132
2035,48.0,M,Hainan,Y,3.1410256410256414,1.948863636363637
2036,95.0,F,Hainan,L,0.7190775681341719,0.2502553626149132
2037,66.0,F,Hainan,M,0.7746160794941283,0.4782487451199109
2038,95.0,F,Hainan,L,0.7190775681341719,0.2502553626149132
2039,67.0,F,Hainan,M,0.7746160794941283,0.4782487451199109
1878,63.0,F,Hainan,M,0.7746160794941283,0.4782487451199109
1879,101.0,F,Hainan,L,0.7190775681341719,0.9280303030303032
1880,67.0,F,Hainan,M,0.7746160794941283,0.4782487451199109
1881,94.0,F,Hainan,L,0.7190775681341719,0.2502553626149132
1882,94.0,M,Hainan,L,0.7190775681341719,0.2502553626149132
1884,94.0,F,Hainan,L,0.7190775681341719,0.2502553626149132
1885,67.0,F,Hainan,M,0.7746160794941283,0.4782487451199109
1963,53.0,F,Hainan,M,0.7746160794941283,0.4965257672264043
1969,98.0,F,Hainan,L,0.7190775681341719,0.2502553626149132
1975,101.0,F,Hainan,L,0.7190775681341719,0.9280303030303032
1982,94.0,M,Hainan,L,0.7190775681341719,0.2502553626149132
1991,63.0,F,Hainan,M,0.7746160794941283,0.4782487451199109
1887,95.0,M,Hainan,L,0.7190775681341719,0.2502553626149132
1888,65.0,F,Hainan,M,0.7746160794941283,0.4782487451199109
1889,94.0,F,Hainan,L,0.7190775681341719,0.2502553626149132
1890,70.0,F,Hainan,M,0.7746160794941283,1.4848484848484853
1891,94.0,F,Hainan,L,0.7190775681341719,0.2502553626149132
1892,59.0,F,Hainan,M,0.7746160794941283,0.4965257672264043
1894,54.0,M,Hainan,M,0.7746160794941283,0.4965257672264043
1895,99.0,F,Hainan,L,0.7190775681341719,0.2502553626149132
1964,96.0,F,Hainan,L,0.7190775681341719,0.2502553626149132
1970,35.0,F,Hainan,Y,3.1410256410256414,2.598484848484849
1977,97.0,F,Hainan,L,0.7190775681341719,0.2502553626149132
1983,64.0,F,Hainan,M,0.7746160794941283,0.4782487451199109
1992,94.0,F,Hainan,L,0.7190775681341719,0.2502553626149132
1872,66.0,F,Hainan,M,0.7746160794941283,0.4782487451199109
1896,93.0,M,Hainan,L,0.7190775681341719,0.2502553626149132
1897,51.0,F,Hainan,M,0.7746160794941283,0.4965257672264043
1898,96.0,M,Hainan,L,0.7190775681341719,0.2502553626149132
1899,98.0,F,Hainan,L,0.7190775681341719,0.2502553626149132
1900,65.0,F,Hainan,M,0.7746160794941283,0.4782487451199109
1901,96.0,F,Hainan,L,0.7190775681341719,0.2502553626149132
1902,100.0,F,Hainan,L,0.7190775681341719,0.9280303030303032
1904,60.0,F,Hainan,M,0.7746160794941283,0.4782487451199109
1978,95.0,F,Hainan,L,0.7190775681341719,0.2502553626149132
1984,100.0,F,Hainan,L,0.7190775681341719,0.9280303030303032
1903,94.0,M,Hainan,L,0.7190775681341719,0.2502553626149132
1912,55.0,F,Hainan,M,0.7746160794941283,0.4965257672264043
1913,93.0,F,Hainan,L,0.7190775681341719,0.2502553626149132
1918,94.0,F,Hainan,L,0.7190775681341719,0.2502553626149132
1919,67.0,F,Hainan,M,0.7746160794941283,0.4782487451199109
1966,49.0,F,Hainan,Y,3.1410256410256414,1.948863636363637
1979,60.0,F,Hainan,M,0.7746160794941283,0.4782487451199109
1985,34.0,F,Hainan,Y,3.1410256410256414,2.598484848484849
1997,97.0,F,Hainan,L,0.7190775681341719,0.2502553626149132
1906,93.0,M,Hainan,L,0.7190775681341719,0.2502553626149132
1907,94.0,F,Hainan,L,0.7190775681341719,0.2502553626149132
1909,93.0,F,Hainan,L,0.7190775681341719,0.2502553626149132
1910,40.0,F,Hainan,Y,3.1410256410256414,1.948863636363637
1922,95.0,F,Hainan,L,0.7190775681341719,0.2502553626149132
1925,51.0,F,Hainan,M,0.7746160794941283,0.4965257672264043
1967,94.0,M,Hainan,L,0.7190775681341719,0.2502553626149132
1973,96.0,F,Hainan,L,0.7190775681341719,0.2502553626149132
1980,96.0,F,Hainan,L,0.7190775681341719,0.2502553626149132
1986,102.0,F,Hainan,L,0.7190775681341719,0.9280303030303032
1989,53.0,F,Hainan,M,0.7746160794941283,0.4965257672264043
1923,57.0,F,Hainan,M,0.7746160794941283,0.4965257672264043
1926,97.0,F,Hainan,L,0.7190775681341719,0.2502553626149132
1927,55.0,F,Hainan,M,0.7746160794941283,0.4965257672264043
1929,94.0,F,Hainan,L,0.7190775681341719,0.2502553626149132
1930,99.0,M,Hainan,L,0.7190775681341719,0.2502553626149132
1931,72.0,M,Hainan,M,0.7746160794941283,1.4848484848484853
1933,96.0,F,Hainan,L,0.7190775681341719,0.2502553626149132
1940,95.0,F,Hainan,L,0.7190775681341719,0.2502553626149132
1946,95.0,F,Hainan,L,0.7190775681341719,0.2502553626149132
1953,94.0,M,Hainan,L,0.7190775681341719,0.2502553626149132
1987,92.0,F,Hainan,L,0.7190775681341719,0.2502553626149132
1934,64.0,F,Hainan,M,0.7746160794941283,0.4782487451199109
1941,48.0,F,Hainan,Y,3.1410256410256414,1.948863636363637
1954,47.0,F,Hainan,Y,3.1410256410256414,1.948863636363637
1962,96.0,F,Hainan,L,0.7190775681341719,0.2502553626149132
1988,94.0,F,Hainan,L,0.7190775681341719,0.2502553626149132
2000,68.0,F,Hainan,M,0.7746160794941283,0.4782487451199109
2001,94.0,M,Hainan,L,0.7190775681341719,0.2502553626149132
2002,61.0,F,Hainan,M,0.7746160794941283,0.4782487451199109
2003,98.0,F,Hainan,L,0.7190775681341719,0.2502553626149132
2005,70.0,F,Hainan,M,0.7746160794941283,1.4848484848484853
2006,96.0,F,Hainan,L,0.7190775681341719,0.2502553626149132
2007,96.0,F,Hainan,L,0.7190775681341719,0.2502553626149132
1935,69.0,M,Hainan,M,0.7746160794941283,0.4782487451199109
1936,94.0,F,Hainan,L,0.7190775681341719,0.2502553626149132
1948,96.0,F,Hainan,L,0.7190775681341719,0.2502553626149132
1955,99.0,F,Hainan,L,0.7190775681341719,0.2502553626149132
2008,63.0,F,Hainan,M,0.7746160794941283,0.4782487451199109
2009,94.0,F,Hainan,L,0.7190775681341719,0.2502553626149132
2010,55.0,F,Hainan,M,0.7746160794941283,0.4965257672264043
2011,96.0,F,Hainan,L,0.7190775681341719,0.2502553626149132
2012,94.0,F,Hainan,L,0.7190775681341719,0.2502553626149132
2013,45.0,F,Hainan,Y,3.1410256410256414,1.948863636363637
2014,94.0,F,Hainan,L,0.7190775681341719,0.2502553626149132
2015,46.0,F,Hainan,Y,3.1410256410256414,1.948863636363637
B26-1.sorted.bam,112.0,F,Hunan,L,0.7190775681341719,38.977272727272734
EQ-N12-1.sorted.bam,102.0,M,Hunan,L,0.7190775681341719,0.9280303030303032
F12-1.sorted.bam,100.0,F,Hunan,L,0.7190775681341719,0.9280303030303032
N6-1.sorted.bam,100.0,M,Hunan,L,0.7190775681341719,0.9280303030303032
G10-1.sorted.bam,99.0,F,Hunan,L,0.7190775681341719,0.2502553626149132
R14-1.sorted.bam,99.0,F,Hunan,L,0.7190775681341719,0.2502553626149132
A16-1.sorted.bam,98.0,F,Hunan,L,0.7190775681341719,0.2502553626149132
K21-1.sorted.bam,98.0,F,Hunan,L,0.7190775681341719,0.2502553626149132
P1-1.sorted.bam,98.0,F,Hunan,L,0.7190775681341719,0.2502553626149132
EQ-B3-1.sorted.bam,97.0,M,Hunan,L,0.7190775681341719,0.2502553626149132
C16-1.sorted.bam,97.0,M,Hunan,L,0.7190775681341719,0.2502553626149132
D3-1.sorted.bam,97.0,F,Hunan,L,0.7190775681341719,0.2502553626149132
B20-1.sorted.bam,96.0,F,Hunan,L,0.7190775681341719,0.2502553626149132
B28-1.sorted.bam,96.0,M,Hunan,L,0.7190775681341719,0.2502553626149132
G13-1.sorted.bam,96.0,F,Hunan,L,0.7190775681341719,0.2502553626149132
G3-1.sorted.bam,96.0,F,Hunan,L,0.7190775681341719,0.2502553626149132
P5-1.sorted.bam,96.0,F,Hunan,L,0.7190775681341719,0.2502553626149132
S11-1.sorted.bam,96.0,F,Hunan,L,0.7190775681341719,0.2502553626149132
S13-1.sorted.bam,96.0,M,Hunan,L,0.7190775681341719,0.2502553626149132
A4-1.sorted.bam,95.0,F,Hunan,L,0.7190775681341719,0.2502553626149132
C28-1.sorted.bam,95.0,F,Hunan,L,0.7190775681341719,0.2502553626149132
K19-1.sorted.bam,95.0,F,Hunan,L,0.7190775681341719,0.2502553626149132
N8-1.sorted.bam,95.0,F,Hunan,L,0.7190775681341719,0.2502553626149132
R15-1.sorted.bam,95.0,F,Hunan,L,0.7190775681341719,0.2502553626149132
S1-1.sorted.bam,95.0,M,Hunan,L,0.7190775681341719,0.2502553626149132
S2-1.sorted.bam,95.0,M,Hunan,L,0.7190775681341719,0.2502553626149132
A1-1.sorted.bam,94.0,M,Hunan,L,0.7190775681341719,0.2502553626149132
A21-1.sorted.bam,94.0,F,Hunan,L,0.7190775681341719,0.2502553626149132
B17-1.sorted.bam,94.0,F,Hunan,L,0.7190775681341719,0.2502553626149132
B2-1.sorted.bam,94.0,F,Hunan,L,0.7190775681341719,0.2502553626149132
B33-1.sorted.bam,94.0,F,Hunan,L,0.7190775681341719,0.2502553626149132
C25-1.sorted.bam,94.0,F,Hunan,L,0.7190775681341719,0.2502553626149132
C27-1.sorted.bam,94.0,M,Hunan,L,0.7190775681341719,0.2502553626149132
D1-1.sorted.bam,94.0,F,Hunan,L,0.7190775681341719,0.2502553626149132
F16-1.sorted.bam,94.0,M,Hunan,L,0.7190775681341719,0.2502553626149132
F6-1.sorted.bam,94.0,F,Hunan,L,0.7190775681341719,0.2502553626149132
G18-1.sorted.bam,94.0,F,Hunan,L,0.7190775681341719,0.2502553626149132
G6-1.sorted.bam,94.0,F,Hunan,L,0.7190775681341719,0.2502553626149132
K17-1.sorted.bam,94.0,F,Hunan,L,0.7190775681341719,0.2502553626149132
K20-1.sorted.bam,94.0,M,Hunan,L,0.7190775681341719,0.2502553626149132
M6-1.sorted.bam,94.0,F,Hunan,L,0.7190775681341719,0.2502553626149132
N13-1.sorted.bam,94.0,F,Hunan,L,0.7190775681341719,0.2502553626149132
EQ-N17-1.sorted.bam,94.0,F,Hunan,L,0.7190775681341719,0.2502553626149132
S15-1.sorted.bam,94.0,F,Hunan,L,0.7190775681341719,0.2502553626149132
S6-1.sorted.bam,94.0,F,Hunan,L,0.7190775681341719,0.2502553626149132
A5-1.sorted.bam,93.0,F,Hunan,L,0.7190775681341719,0.2502553626149132
A6-1.sorted.bam,93.0,M,Hunan,L,0.7190775681341719,0.2502553626149132
A7-1.sorted.bam,93.0,M,Hunan,L,0.7190775681341719,0.2502553626149132
C18-1.sorted.bam,93.0,F,Hunan,L,0.7190775681341719,0.2502553626149132
C20-1.sorted.bam,93.0,F,Hunan,L,0.7190775681341719,0.2502553626149132
D18-1.sorted.bam,93.0,F,Hunan,L,0.7190775681341719,0.2502553626149132
D20-1.sorted.bam,93.0,F,Hunan,L,0.7190775681341719,0.2502553626149132
E13-1.sorted.bam,93.0,F,Hunan,L,0.7190775681341719,0.2502553626149132
F15-1.sorted.bam,93.0,M,Hunan,L,0.7190775681341719,0.2502553626149132
EQ-G19-1.sorted.bam,93.0,M,Hunan,L,0.7190775681341719,0.2502553626149132
G2-1.sorted.bam,93.0,M,Hunan,L,0.7190775681341719,0.2502553626149132
G8-1.sorted.bam,93.0,M,Hunan,L,0.7190775681341719,0.2502553626149132
EQ-K15-1.sorted.bam,93.0,F,Hunan,L,0.7190775681341719,0.2502553626149132
K18-1.sorted.bam,93.0,F,Hunan,L,0.7190775681341719,0.2502553626149132
M3-1.sorted.bam,93.0,M,Hunan,L,0.7190775681341719,0.2502553626149132
N11-1.sorted.bam,93.0,M,Hunan,L,0.7190775681341719,0.2502553626149132
EQ-N15-1.sorted.bam,93.0,M,Hunan,L,0.7190775681341719,0.2502553626149132
N9-1.sorted.bam,93.0,F,Hunan,L,0.7190775681341719,0.2502553626149132
R6-1.sorted.bam,93.0,M,Hunan,L,0.7190775681341719,0.2502553626149132
S18-1.sorted.bam,93.0,F,Hunan,L,0.7190775681341719,0.2502553626149132
A13-1.sorted.bam,92.0,F,Hunan,L,0.7190775681341719,0.2502553626149132
B15-1.sorted.bam,92.0,M,Hunan,L,0.7190775681341719,0.2502553626149132
B16-1.sorted.bam,92.0,M,Hunan,L,0.7190775681341719,0.2502553626149132
B21-1.sorted.bam,92.0,M,Hunan,L,0.7190775681341719,0.2502553626149132
B24-1.sorted.bam,92.0,F,Hunan,L,0.7190775681341719,0.2502553626149132
B25-1.sorted.bam,92.0,F,Hunan,L,0.7190775681341719,0.2502553626149132
B8-1.sorted.bam,92.0,M,Hunan,L,0.7190775681341719,0.2502553626149132
C13-1.sorted.bam,92.0,F,Hunan,L,0.7190775681341719,0.2502553626149132
C26-1.sorted.bam,92.0,M,Hunan,L,0.7190775681341719,0.2502553626149132
D15-1.sorted.bam,92.0,F,Hunan,L,0.7190775681341719,0.2502553626149132
D21-1.sorted.bam,92.0,M,Hunan,L,0.7190775681341719,0.2502553626149132
D4-1.sorted.bam,92.0,M,Hunan,L,0.7190775681341719,0.2502553626149132
D5-1.sorted.bam,92.0,F,Hunan,L,0.7190775681341719,0.2502553626149132
G9-1.sorted.bam,92.0,F,Hunan,L,0.7190775681341719,0.2502553626149132
K13-1.sorted.bam,92.0,F,Hunan,L,0.7190775681341719,0.2502553626149132
N2-1.sorted.bam,92.0,M,Hunan,L,0.7190775681341719,0.2502553626149132
N7-1.sorted.bam,92.0,F,Hunan,L,0.7190775681341719,0.2502553626149132
P10-1.sorted.bam,92.0,F,Hunan,L,0.7190775681341719,0.2502553626149132
P11-1.sorted.bam,92.0,M,Hunan,L,0.7190775681341719,0.2502553626149132
P7-1.sorted.bam,92.0,F,Hunan,L,0.7190775681341719,0.2502553626149132
R4-1.sorted.bam,92.0,F,Hunan,L,0.7190775681341719,0.2502553626149132
S3-1.sorted.bam,92.0,F,Hunan,L,0.7190775681341719,0.2502553626149132
S7-1.sorted.bam,92.0,F,Hunan,L,0.7190775681341719,0.2502553626149132
EQ-A12-1.sorted.bam,91.0,F,Hunan,L,0.7190775681341719,0.2502553626149132
EQ-B22-1.sorted.bam,91.0,F,Hunan,L,0.7190775681341719,0.2502553626149132
B23-1.sorted.bam,91.0,F,Hunan,L,0.7190775681341719,0.2502553626149132
B29-1.sorted.bam,91.0,M,Hunan,L,0.7190775681341719,0.2502553626149132
B31-1.sorted.bam,91.0,F,Hunan,L,0.7190775681341719,0.2502553626149132
B36-1.sorted.bam,91.0,F,Hunan,L,0.7190775681341719,0.2502553626149132
B5-1.sorted.bam,91.0,M,Hunan,L,0.7190775681341719,0.2502553626149132
C12-1.sorted.bam,91.0,M,Hunan,L,0.7190775681341719,0.2502553626149132
C17-1.sorted.bam,91.0,M,Hunan,L,0.7190775681341719,0.2502553626149132
C2-1.sorted.bam,91.0,F,Hunan,L,0.7190775681341719,0.2502553626149132
C22-1.sorted.bam,91.0,F,Hunan,L,0.7190775681341719,0.2502553626149132
C29-1.sorted.bam,91.0,F,Hunan,L,0.7190775681341719,0.2502553626149132
D19-1.sorted.bam,91.0,M,Hunan,L,0.7190775681341719,0.2502553626149132
D2-1.sorted.bam,91.0,F,Hunan,L,0.7190775681341719,0.2502553626149132
D22-1.sorted.bam,91.0,M,Hunan,L,0.7190775681341719,0.2502553626149132
D6-1.sorted.bam,91.0,F,Hunan,L,0.7190775681341719,0.2502553626149132
E6-1.sorted.bam,91.0,F,Hunan,L,0.7190775681341719,0.2502553626149132
F10-1.sorted.bam,91.0,F,Hunan,L,0.7190775681341719,0.2502553626149132
F1-1.sorted.bam,91.0,M,Hunan,L,0.7190775681341719,0.2502553626149132
F11-1.sorted.bam,91.0,F,Hunan,L,0.7190775681341719,0.2502553626149132
F14-1.sorted.bam,91.0,M,Hunan,L,0.7190775681341719,0.2502553626149132
F17-1.sorted.bam,91.0,M,Hunan,L,0.7190775681341719,0.2502553626149132
F5-1.sorted.bam,91.0,F,Hunan,L,0.7190775681341719,0.2502553626149132
F7-1.sorted.bam,91.0,M,Hunan,L,0.7190775681341719,0.2502553626149132
G14-1.sorted.bam,91.0,M,Hunan,L,0.7190775681341719,0.2502553626149132
G17-1.sorted.bam,91.0,M,Hunan,L,0.7190775681341719,0.2502553626149132
G5-1.sorted.bam,91.0,F,Hunan,L,0.7190775681341719,0.2502553626149132
K10-1.sorted.bam,91.0,M,Hunan,L,0.7190775681341719,0.2502553626149132
K8-1.sorted.bam,91.0,M,Hunan,L,0.7190775681341719,0.2502553626149132
N5-1.sorted.bam,91.0,F,Hunan,L,0.7190775681341719,0.2502553626149132
P2-1.sorted.bam,91.0,F,Hunan,L,0.7190775681341719,0.2502553626149132
P6-1.sorted.bam,91.0,M,Hunan,L,0.7190775681341719,0.2502553626149132
R3-1.sorted.bam,91.0,M,Hunan,L,0.7190775681341719,0.2502553626149132
R8-1.sorted.bam,91.0,M,Hunan,L,0.7190775681341719,0.2502553626149132
S10-1.sorted.bam,91.0,F,Hunan,L,0.7190775681341719,0.2502553626149132
S16-1.sorted.bam,91.0,M,Hunan,L,0.7190775681341719,0.2502553626149132
S17-1.sorted.bam,91.0,F,Hunan,L,0.7190775681341719,0.2502553626149132
S4-1.sorted.bam,91.0,F,Hunan,L,0.7190775681341719,0.2502553626149132
S8-1.sorted.bam,91.0,F,Hunan,L,0.7190775681341719,0.2502553626149132
A15-1.sorted.bam,90.0,M,Hunan,L,0.7190775681341719,0.2502553626149132
A9-1.sorted.bam,90.0,M,Hunan,L,0.7190775681341719,0.2502553626149132
B14-1.sorted.bam,90.0,F,Hunan,L,0.7190775681341719,0.2502553626149132
B18-1.sorted.bam,90.0,M,Hunan,L,0.7190775681341719,0.2502553626149132
B19-1.sorted.bam,90.0,M,Hunan,L,0.7190775681341719,0.2502553626149132
B4-1.sorted.bam,90.0,F,Hunan,L,0.7190775681341719,0.2502553626149132
B6-1.sorted.bam,90.0,F,Hunan,L,0.7190775681341719,0.2502553626149132
B7-1.sorted.bam,90.0,F,Hunan,L,0.7190775681341719,0.2502553626149132
B9-1.sorted.bam,90.0,F,Hunan,L,0.7190775681341719,0.2502553626149132
C11-1.sorted.bam,90.0,M,Hunan,L,0.7190775681341719,0.2502553626149132
C4-1.sorted.bam,90.0,F,Hunan,L,0.7190775681341719,0.2502553626149132
EQ-C6-1.sorted.bam,90.0,M,Hunan,L,0.7190775681341719,0.2502553626149132
C7-1.sorted.bam,90.0,M,Hunan,L,0.7190775681341719,0.2502553626149132
C8-1.sorted.bam,90.0,F,Hunan,L,0.7190775681341719,0.2502553626149132
D10-1.sorted.bam,90.0,M,Hunan,L,0.7190775681341719,0.2502553626149132
D11-1.sorted.bam,90.0,M,Hunan,L,0.7190775681341719,0.2502553626149132
D13-1.sorted.bam,90.0,F,Hunan,L,0.7190775681341719,0.2502553626149132
D14-1.sorted.bam,90.0,F,Hunan,L,0.7190775681341719,0.2502553626149132
D23-1.sorted.bam,90.0,M,Hunan,L,0.7190775681341719,0.2502553626149132
E1-1.sorted.bam,90.0,M,Hunan,L,0.7190775681341719,0.2502553626149132
E11-1.sorted.bam,90.0,M,Hunan,L,0.7190775681341719,0.2502553626149132
E15-1.sorted.bam,90.0,M,Hunan,L,0.7190775681341719,0.2502553626149132
E2-1.sorted.bam,90.0,M,Hunan,L,0.7190775681341719,0.2502553626149132
E3-1.sorted.bam,90.0,M,Hunan,L,0.7190775681341719,0.2502553626149132
E7-1.sorted.bam,90.0,F,Hunan,L,0.7190775681341719,0.2502553626149132
F2-1.sorted.bam,90.0,F,Hunan,L,0.7190775681341719,0.2502553626149132
G15-1.sorted.bam,90.0,F,Hunan,L,0.7190775681341719,0.2502553626149132
G16-1.sorted.bam,90.0,M,Hunan,L,0.7190775681341719,0.2502553626149132
G17-3.sorted.bam,90.0,F,Hunan,L,0.7190775681341719,0.2502553626149132
K1-1.sorted.bam,90.0,F,Hunan,L,0.7190775681341719,0.2502553626149132
K14-1.sorted.bam,90.0,F,Hunan,L,0.7190775681341719,0.2502553626149132
K3-1.sorted.bam,90.0,F,Hunan,L,0.7190775681341719,0.2502553626149132
K4-1.sorted.bam,90.0,F,Hunan,L,0.7190775681341719,0.2502553626149132
K5-1.sorted.bam,90.0,M,Hunan,L,0.7190775681341719,0.2502553626149132
K6-1.sorted.bam,90.0,M,Hunan,L,0.7190775681341719,0.2502553626149132
K7-1.sorted.bam,90.0,F,Hunan,L,0.7190775681341719,0.2502553626149132
K9-1.sorted.bam,90.0,F,Hunan,L,0.7190775681341719,0.2502553626149132
M2-1.sorted.bam,90.0,M,Hunan,L,0.7190775681341719,0.2502553626149132
N16-1.sorted.bam,90.0,M,Hunan,L,0.7190775681341719,0.2502553626149132
R1-2.sorted.bam,90.0,F,Hunan,L,0.7190775681341719,0.2502553626149132
R12-1.sorted.bam,90.0,M,Hunan,L,0.7190775681341719,0.2502553626149132
R16-1.sorted.bam,90.0,F,Hunan,L,0.7190775681341719,0.2502553626149132
R7-1.sorted.bam,90.0,F,Hunan,L,0.7190775681341719,0.2502553626149132
S12-1.sorted.bam,90.0,M,Hunan,L,0.7190775681341719,0.2502553626149132
A15-2.sorted.bam,89.0,F,Hunan,M,0.7746160794941283,10.393939393939396
EQ-B9-4.sorted.bam,88.0,M,Hunan,M,0.7746160794941283,10.393939393939396
D16-2.sorted.bam,86.0,F,Hunan,M,0.7746160794941283,10.393939393939396
C11-2.sorted.bam,83.0,F,Hunan,M,0.7746160794941283,10.393939393939396
C12-2.sorted.bam,83.0,F,Hunan,M,0.7746160794941283,10.393939393939396
N16-2.sorted.bam,82.0,F,Hunan,M,0.7746160794941283,10.393939393939396
B28-4.sorted.bam,78.0,M,Hunan,M,0.7746160794941283,1.4848484848484853
D11-2.sorted.bam,78.0,F,Hunan,M,0.7746160794941283,1.4848484848484853
C9-2.sorted.bam,77.0,M,Hunan,M,0.7746160794941283,1.4848484848484853
R16-2.sorted.bam,77.0,M,Hunan,M,0.7746160794941283,1.4848484848484853
D10-3.sorted.bam,76.0,F,Hunan,M,0.7746160794941283,1.4848484848484853
F17-2.sorted.bam,76.0,F,Hunan,M,0.7746160794941283,1.4848484848484853
B30-2.sorted.bam,75.0,F,Hunan,M,0.7746160794941283,1.4848484848484853
E4-3.sorted.bam,75.0,F,Hunan,M,0.7746160794941283,1.4848484848484853
R12-3.sorted.bam,75.0,M,Hunan,M,0.7746160794941283,1.4848484848484853
S17-2.sorted.bam,75.0,M,Hunan,M,0.7746160794941283,1.4848484848484853
C9-3.sorted.bam,74.0,F,Hunan,M,0.7746160794941283,1.4848484848484853
N3-2.sorted.bam,74.0,M,Hunan,M,0.7746160794941283,1.4848484848484853
R8-2.sorted.bam,74.0,F,Hunan,M,0.7746160794941283,1.4848484848484853
ET-B6-5.sorted.bam,73.0,F,Hunan,M,0.7746160794941283,1.4848484848484853
C22-2.sorted.bam,73.0,F,Hunan,M,0.7746160794941283,1.4848484848484853
G12-3.sorted.bam,73.0,F,Hunan,M,0.7746160794941283,1.4848484848484853
N3-3.sorted.bam,73.0,F,Hunan,M,0.7746160794941283,1.4848484848484853
B29-4.sorted.bam,72.0,M,Hunan,M,0.7746160794941283,1.4848484848484853
C15-2.sorted.bam,72.0,M,Hunan,M,0.7746160794941283,1.4848484848484853
EQ-D18-3.sorted.bam,72.0,M,Hunan,M,0.7746160794941283,1.4848484848484853
D5-4.sorted.bam,72.0,F,Hunan,M,0.7746160794941283,1.4848484848484853
F12-2.sorted.bam,72.0,M,Hunan,M,0.7746160794941283,1.4848484848484853
N17-2.sorted.bam,72.0,M,Hunan,M,0.7746160794941283,1.4848484848484853
P3-3.sorted.bam,72.0,F,Hunan,M,0.7746160794941283,1.4848484848484853
A18-2.sorted.bam,71.0,M,Hunan,M,0.7746160794941283,1.4848484848484853
B25-2.sorted.bam,71.0,F,Hunan,M,0.7746160794941283,1.4848484848484853
B4-2.sorted.bam,71.0,M,Hunan,M,0.7746160794941283,1.4848484848484853
C20-3.sorted.bam,71.0,F,Hunan,M,0.7746160794941283,1.4848484848484853
ET-D18-4.sorted.bam,71.0,F,Hunan,M,0.7746160794941283,1.4848484848484853
G6-2.sorted.bam,71.0,M,Hunan,M,0.7746160794941283,1.4848484848484853
K15-3.sorted.bam,71.0,M,Hunan,M,0.7746160794941283,1.4848484848484853
R12-2.sorted.bam,71.0,F,Hunan,M,0.7746160794941283,1.4848484848484853
A11-2.sorted.bam,70.0,F,Hunan,M,0.7746160794941283,1.4848484848484853
A18-3.sorted.bam,70.0,F,Hunan,M,0.7746160794941283,1.4848484848484853
B17-2.sorted.bam,70.0,M,Hunan,M,0.7746160794941283,1.4848484848484853
B29-3.sorted.bam,70.0,F,Hunan,M,0.7746160794941283,1.4848484848484853
G8-2.sorted.bam,70.0,M,Hunan,M,0.7746160794941283,1.4848484848484853
K16-2.sorted.bam,70.0,M,Hunan,M,0.7746160794941283,1.4848484848484853
EQ-B21-3.sorted.bam,69.0,M,Hunan,M,0.7746160794941283,0.4782487451199109
C15-3.sorted.bam,69.0,F,Hunan,M,0.7746160794941283,0.4782487451199109
EQ-C24-2.sorted.bam,69.0,M,Hunan,M,0.7746160794941283,0.4782487451199109
E6-2.sorted.bam,69.0,M,Hunan,M,0.7746160794941283,0.4782487451199109
F5-2.sorted.bam,69.0,M,Hunan,M,0.7746160794941283,0.4782487451199109
P7-2.sorted.bam,69.0,M,Hunan,M,0.7746160794941283,0.4782487451199109
S6-2.sorted.bam,69.0,M,Hunan,M,0.7746160794941283,0.4782487451199109
B26-2.sorted.bam,68.0,M,Hunan,M,0.7746160794941283,0.4782487451199109
F5-3.sorted.bam,68.0,F,Hunan,M,0.7746160794941283,0.4782487451199109
G15-2.sorted.bam,68.0,M,Hunan,M,0.7746160794941283,0.4782487451199109
G15-3_FKDL220095398-1a.sorted.bam,68.0,F,Hunan,M,0.7746160794941283,0.4782487451199109
G18-3.sorted.bam,68.0,F,Hunan,M,0.7746160794941283,0.4782487451199109
K15-2.sorted.bam,68.0,F,Hunan,M,0.7746160794941283,0.4782487451199109
N8-2.sorted.bam,68.0,M,Hunan,M,0.7746160794941283,0.4782487451199109
P7-3.sorted.bam,68.0,F,Hunan,M,0.7746160794941283,0.4782487451199109
R16-3.sorted.bam,68.0,F,Hunan,M,0.7746160794941283,0.4782487451199109
A3-2.sorted.bam,67.0,M,Hunan,M,0.7746160794941283,0.4782487451199109
A6-2.sorted.bam,67.0,F,Hunan,M,0.7746160794941283,0.4782487451199109
B1-4.sorted.bam,67.0,M,Hunan,M,0.7746160794941283,0.4782487451199109
C17-2.sorted.bam,67.0,M,Hunan,M,0.7746160794941283,0.4782487451199109
C18-2.sorted.bam,67.0,M,Hunan,M,0.7746160794941283,0.4782487451199109
C25-3.sorted.bam,67.0,F,Hunan,M,0.7746160794941283,0.4782487451199109
C4-2.sorted.bam,67.0,M,Hunan,M,0.7746160794941283,0.4782487451199109
D14-3.sorted.bam,67.0,M,Hunan,M,0.7746160794941283,0.4782487451199109
E8-3.sorted.bam,67.0,M,Hunan,M,0.7746160794941283,0.4782487451199109
F16-2.sorted.bam,67.0,M,Hunan,M,0.7746160794941283,0.4782487451199109
G6-3.sorted.bam,67.0,F,Hunan,M,0.7746160794941283,0.4782487451199109
G8-3.sorted.bam,67.0,F,Hunan,M,0.7746160794941283,0.4782487451199109
K18-2.sorted.bam,67.0,M,Hunan,M,0.7746160794941283,0.4782487451199109
K19-2.sorted.bam,67.0,M,Hunan,M,0.7746160794941283,0.4782487451199109
R8-3.sorted.bam,67.0,M,Hunan,M,0.7746160794941283,0.4782487451199109
A2-2.sorted.bam,66.0,M,Hunan,M,0.7746160794941283,0.4782487451199109
ET-B1-5.sorted.bam,66.0,F,Hunan,M,0.7746160794941283,0.4782487451199109
C8-2.sorted.bam,66.0,F,Hunan,M,0.7746160794941283,0.4782487451199109
K20-2.sorted.bam,66.0,F,Hunan,M,0.7746160794941283,0.4782487451199109
A4-4.sorted.bam,65.0,F,Hunan,M,0.7746160794941283,0.4782487451199109
ET-B3-3.sorted.bam,65.0,F,Hunan,M,0.7746160794941283,0.4782487451199109
F11-2.sorted.bam,65.0,M,Hunan,M,0.7746160794941283,0.4782487451199109
P9-3.sorted.bam,65.0,F,Hunan,M,0.7746160794941283,0.4782487451199109
EQ-S1-2.sorted.bam,65.0,M,Hunan,M,0.7746160794941283,0.4782487451199109
S15-3.sorted.bam,65.0,F,Hunan,M,0.7746160794941283,0.4782487451199109
S17-3.sorted.bam,65.0,F,Hunan,M,0.7746160794941283,0.4782487451199109
S2-2.sorted.bam,65.0,M,Hunan,M,0.7746160794941283,0.4782487451199109
B32-2.sorted.bam,64.0,M,Hunan,M,0.7746160794941283,0.4782487451199109
B6-4.sorted.bam,64.0,M,Hunan,M,0.7746160794941283,0.4782487451199109
C13-3.sorted.bam,64.0,F,Hunan,M,0.7746160794941283,0.4782487451199109
D1-2.sorted.bam,64.0,M,Hunan,M,0.7746160794941283,0.4782487451199109
K22-3.sorted.bam,64.0,F,Hunan,M,0.7746160794941283,0.4782487451199109
K4-2.sorted.bam,64.0,M,Hunan,M,0.7746160794941283,0.4782487451199109
R6-2.sorted.bam,64.0,M,Hunan,M,0.7746160794941283,0.4782487451199109
R7-2.sorted.bam,64.0,M,Hunan,M,0.7746160794941283,0.4782487451199109
S15-2.sorted.bam,64.0,M,Hunan,M,0.7746160794941283,0.4782487451199109
S6-3.sorted.bam,64.0,F,Hunan,M,0.7746160794941283,0.4782487451199109
B10-2.sorted.bam,63.0,M,Hunan,M,0.7746160794941283,0.4782487451199109
B33-3.sorted.bam,63.0,F,Hunan,M,0.7746160794941283,0.4782487451199109
B5-2.sorted.bam,63.0,M,Hunan,M,0.7746160794941283,0.4782487451199109
R3-2.sorted.bam,63.0,M,Hunan,M,0.7746160794941283,0.4782487451199109
B31-2.sorted.bam,62.0,M,Hunan,M,0.7746160794941283,0.4782487451199109
D15-3.sorted.bam,62.0,F,Hunan,M,0.7746160794941283,0.4782487451199109
E12-3.sorted.bam,62.0,F,Hunan,M,0.7746160794941283,0.4782487451199109
N9-2.sorted.bam,62.0,M,Hunan,M,0.7746160794941283,0.4782487451199109
A2-3.sorted.bam,61.0,F,Hunan,M,0.7746160794941283,0.4782487451199109
A5-3.sorted.bam,61.0,F,Hunan,M,0.7746160794941283,0.4782487451199109
D3-3.sorted.bam,61.0,F,Hunan,M,0.7746160794941283,0.4782487451199109
F16-3.sorted.bam,61.0,F,Hunan,M,0.7746160794941283,0.4782487451199109
N13-2.sorted.bam,61.0,M,Hunan,M,0.7746160794941283,0.4782487451199109
S3-2.sorted.bam,61.0,M,Hunan,M,0.7746160794941283,0.4782487451199109
E10-2.sorted.bam,60.0,M,Hunan,M,0.7746160794941283,0.4782487451199109
F10-2.sorted.bam,60.0,M,Hunan,M,0.7746160794941283,0.4782487451199109
G13-2.sorted.bam,60.0,M,Hunan,M,0.7746160794941283,0.4782487451199109
G14-2.sorted.bam,60.0,M,Hunan,M,0.7746160794941283,0.4782487451199109
G17-2.sorted.bam,60.0,M,Hunan,M,0.7746160794941283,0.4782487451199109
K6-3.sorted.bam,60.0,F,Hunan,M,0.7746160794941283,0.4782487451199109
N5-2.sorted.bam,60.0,M,Hunan,M,0.7746160794941283,0.4782487451199109
P9-2.sorted.bam,60.0,M,Hunan,M,0.7746160794941283,0.4782487451199109
EQ-R3-3.sorted.bam,60.0,F,Hunan,M,0.7746160794941283,0.4782487451199109
S8-2.sorted.bam,60.0,F,Hunan,M,0.7746160794941283,0.4782487451199109
S8-3.sorted.bam,60.0,M,Hunan,M,0.7746160794941283,0.4782487451199109
B14-2.sorted.bam,59.0,F,Hunan,M,0.7746160794941283,0.4965257672264043
EQ-B27-2.sorted.bam,59.0,M,Hunan,M,0.7746160794941283,0.4965257672264043
C7-2.sorted.bam,59.0,M,Hunan,M,0.7746160794941283,0.4965257672264043
ETLS-C7-3.sorted.bam,59.0,F,Hunan,M,0.7746160794941283,0.4965257672264043
D23-3.sorted.bam,59.0,M,Hunan,M,0.7746160794941283,0.4965257672264043
D7-2.sorted.bam,59.0,M,Hunan,M,0.7746160794941283,0.4965257672264043
E11-2.sorted.bam,59.0,M,Hunan,M,0.7746160794941283,0.4965257672264043
ET-G14-3.sorted.bam,59.0,F,Hunan,M,0.7746160794941283,0.4965257672264043
K12-3.sorted.bam,59.0,F,Hunan,M,0.7746160794941283,0.4965257672264043
R15-3.sorted.bam,59.0,F,Hunan,M,0.7746160794941283,0.4965257672264043
ET-R6-3.sorted.bam,59.0,F,Hunan,M,0.7746160794941283,0.4965257672264043
S3-3.sorted.bam,59.0,F,Hunan,M,0.7746160794941283,0.4965257672264043
A10-2.sorted.bam,58.0,M,Hunan,M,0.7746160794941283,0.4965257672264043
A8-2.sorted.bam,58.0,M,Hunan,M,0.7746160794941283,0.4965257672264043
B30-3.sorted.bam,58.0,F,Hunan,M,0.7746160794941283,0.4965257672264043
B5-3.sorted.bam,58.0,F,Hunan,M,0.7746160794941283,0.4965257672264043
C1-2.sorted.bam,58.0,F,Hunan,M,0.7746160794941283,0.4965257672264043
EQ-C29-2.sorted.bam,58.0,F,Hunan,M,0.7746160794941283,0.4965257672264043
G5-2.sorted.bam,58.0,M,Hunan,M,0.7746160794941283,0.4965257672264043
K1-3.sorted.bam,58.0,F,Hunan,M,0.7746160794941283,0.4965257672264043
K3-3.sorted.bam,58.0,F,Hunan,M,0.7746160794941283,0.4965257672264043
K7-2.sorted.bam,58.0,M,Hunan,M,0.7746160794941283,0.4965257672264043
M5-2.sorted.bam,58.0,M,Hunan,M,0.7746160794941283,0.4965257672264043
M5-3.sorted.bam,58.0,F,Hunan,M,0.7746160794941283,0.4965257672264043
N14-2.sorted.bam,58.0,F,Hunan,M,0.7746160794941283,0.4965257672264043
N15-2.sorted.bam,58.0,M,Hunan,M,0.7746160794941283,0.4965257672264043
N2-2.sorted.bam,58.0,M,Hunan,M,0.7746160794941283,0.4965257672264043
R1-3.sorted.bam,58.0,M,Hunan,M,0.7746160794941283,0.4965257672264043
S12-2.sorted.bam,58.0,M,Hunan,M,0.7746160794941283,0.4965257672264043
S13-3.sorted.bam,58.0,F,Hunan,M,0.7746160794941283,0.4965257672264043
S4-2.sorted.bam,58.0,M,Hunan,M,0.7746160794941283,0.4965257672264043
A5-2.sorted.bam,57.0,M,Hunan,M,0.7746160794941283,0.4965257672264043
A7-2.sorted.bam,57.0,M,Hunan,M,0.7746160794941283,0.4965257672264043
A8-3.sorted.bam,57.0,F,Hunan,M,0.7746160794941283,0.4965257672264043
A9-3.sorted.bam,57.0,M,Hunan,M,0.7746160794941283,0.4965257672264043
B7-2.sorted.bam,57.0,M,Hunan,M,0.7746160794941283,0.4965257672264043
EQ-C16-2.sorted.bam,57.0,M,Hunan,M,0.7746160794941283,0.4965257672264043
C27-4.sorted.bam,57.0,M,Hunan,M,0.7746160794941283,0.4965257672264043
G2-2.sorted.bam,57.0,F,Hunan,M,0.7746160794941283,0.4965257672264043
G5-3.sorted.bam,57.0,F,Hunan,M,0.7746160794941283,0.4965257672264043
K8-2.sorted.bam,57.0,M,Hunan,M,0.7746160794941283,0.4965257672264043
K8-3.sorted.bam,57.0,F,Hunan,M,0.7746160794941283,0.4965257672264043
M2-2.sorted.bam,57.0,M,Hunan,M,0.7746160794941283,0.4965257672264043
N12-2.sorted.bam,57.0,M,Hunan,M,0.7746160794941283,0.4965257672264043
N6-2.sorted.bam,57.0,M,Hunan,M,0.7746160794941283,0.4965257672264043
S10-2.sorted.bam,57.0,M,Hunan,M,0.7746160794941283,0.4965257672264043
B12-2.sorted.bam,56.0,M,Hunan,M,0.7746160794941283,0.4965257672264043
D22-3.sorted.bam,56.0,F,Hunan,M,0.7746160794941283,0.4965257672264043
EQ-D6-2.sorted.bam,56.0,F,Hunan,M,0.7746160794941283,0.4965257672264043
K13-2.sorted.bam,56.0,M,Hunan,M,0.7746160794941283,0.4965257672264043
S10-3.sorted.bam,56.0,F,Hunan,M,0.7746160794941283,0.4965257672264043
EQ-A10-3.sorted.bam,55.0,F,Hunan,M,0.7746160794941283,0.4965257672264043
C18-3.sorted.bam,55.0,F,Hunan,M,0.7746160794941283,0.4965257672264043
C27-3.sorted.bam,55.0,F,Hunan,M,0.7746160794941283,0.4965257672264043
C27-5.sorted.bam,55.0,M,Hunan,M,0.7746160794941283,0.4965257672264043
C28-4.sorted.bam,55.0,M,Hunan,M,0.7746160794941283,0.4965257672264043
ETLS-K10-2.sorted.bam,55.0,M,Hunan,M,0.7746160794941283,0.4965257672264043
K17-2.sorted.bam,55.0,M,Hunan,M,0.7746160794941283,0.4965257672264043
K2-2.sorted.bam,55.0,M,Hunan,M,0.7746160794941283,0.4965257672264043
ETLS-K2-3.sorted.bam,55.0,F,Hunan,M,0.7746160794941283,0.4965257672264043
N1-2.sorted.bam,55.0,M,Hunan,M,0.7746160794941283,0.4965257672264043
P10-2.sorted.bam,55.0,M,Hunan,M,0.7746160794941283,0.4965257672264043
S12-3.sorted.bam,55.0,F,Hunan,M,0.7746160794941283,0.4965257672264043
B18-2.sorted.bam,54.0,M,Hunan,M,0.7746160794941283,0.4965257672264043
B35-2_FKDL220012593-1a.sorted.bam,54.0,M,Hunan,M,0.7746160794941283,0.4965257672264043
EQ-G19-3.sorted.bam,54.0,F,Hunan,M,0.7746160794941283,0.4965257672264043
ET-P2-3.sorted.bam,54.0,F,Hunan,M,0.7746160794941283,0.4965257672264043
S18-3.sorted.bam,54.0,M,Hunan,M,0.7746160794941283,0.4965257672264043
S4-3.sorted.bam,54.0,F,Hunan,M,0.7746160794941283,0.4965257672264043
S7-2.sorted.bam,54.0,M,Hunan,M,0.7746160794941283,0.4965257672264043
A1-3.sorted.bam,53.0,F,Hunan,M,0.7746160794941283,0.4965257672264043
B19-2.sorted.bam,53.0,F,Hunan,M,0.7746160794941283,0.4965257672264043
B27-3.sorted.bam,53.0,F,Hunan,M,0.7746160794941283,0.4965257672264043
B35-3.sorted.bam,53.0,F,Hunan,M,0.7746160794941283,0.4965257672264043
D4-2.sorted.bam,53.0,M,Hunan,M,0.7746160794941283,0.4965257672264043
E13-3.sorted.bam,53.0,F,Hunan,M,0.7746160794941283,0.4965257672264043
F13-3.sorted.bam,53.0,F,Hunan,M,0.7746160794941283,0.4965257672264043
ETLS-K10-3.sorted.bam,53.0,F,Hunan,M,0.7746160794941283,0.4965257672264043
K4-3.sorted.bam,53.0,F,Hunan,M,0.7746160794941283,0.4965257672264043
ET-K7-3.sorted.bam,53.0,M,Hunan,M,0.7746160794941283,0.4965257672264043
P2-2.sorted.bam,53.0,M,Hunan,M,0.7746160794941283,0.4965257672264043
R11-2.sorted.bam,53.0,M,Hunan,M,0.7746160794941283,0.4965257672264043
R13-3.sorted.bam,53.0,F,Hunan,M,0.7746160794941283,0.4965257672264043
R4-3.sorted.bam,53.0,F,Hunan,M,0.7746160794941283,0.4965257672264043
ET-S7-3.sorted.bam,53.0,F,Hunan,M,0.7746160794941283,0.4965257672264043
EQ-E13-2.sorted.bam,52.0,M,Hunan,M,0.7746160794941283,0.4965257672264043
E2-3.sorted.bam,52.0,F,Hunan,M,0.7746160794941283,0.4965257672264043
F10-3.sorted.bam,52.0,F,Hunan,M,0.7746160794941283,0.4965257672264043
F2-2.sorted.bam,52.0,M,Hunan,M,0.7746160794941283,0.4965257672264043
G17-4.sorted.bam,52.0,F,Hunan,M,0.7746160794941283,0.4965257672264043
S16-2.sorted.bam,52.0,M,Hunan,M,0.7746160794941283,0.4965257672264043
S18-2.sorted.bam,52.0,F,Hunan,M,0.7746160794941283,0.4965257672264043
F15-2.sorted.bam,51.0,M,Hunan,M,0.7746160794941283,0.4965257672264043
F2-3.sorted.bam,51.0,F,Hunan,M,0.7746160794941283,0.4965257672264043
F7-2.sorted.bam,51.0,M,Hunan,M,0.7746160794941283,0.4965257672264043
G16-2.sorted.bam,51.0,M,Hunan,M,0.7746160794941283,0.4965257672264043
P6-2.sorted.bam,51.0,M,Hunan,M,0.7746160794941283,0.4965257672264043
A13-3.sorted.bam,50.0,F,Hunan,Y,3.1410256410256414,0.4965257672264043
D21-3.sorted.bam,50.0,F,Hunan,Y,3.1410256410256414,0.4965257672264043
F15-3.sorted.bam,50.0,F,Hunan,Y,3.1410256410256414,0.4965257672264043
F7-3.sorted.bam,50.0,F,Hunan,Y,3.1410256410256414,0.4965257672264043
B3-2.sorted.bam,49.0,M,Hunan,Y,3.1410256410256414,1.948863636363637
F4-3.sorted.bam,49.0,F,Hunan,Y,3.1410256410256414,1.948863636363637
P8-3.sorted.bam,49.0,F,Hunan,Y,3.1410256410256414,1.948863636363637
S16-3.sorted.bam,49.0,F,Hunan,Y,3.1410256410256414,1.948863636363637
S11-3.sorted.bam,48.0,F,Hunan,Y,3.1410256410256414,1.948863636363637
D2-3.sorted.bam,45.0,M,Hunan,Y,3.1410256410256414,1.948863636363637
G3-3.sorted.bam,44.0,F,Hunan,Y,3.1410256410256414,1.948863636363637
C12-4.sorted.bam,43.0,F,Hunan,Y,3.1410256410256414,1.948863636363637
E1-3.sorted.bam,43.0,M,Hunan,Y,3.1410256410256414,1.948863636363637
B4-4.sorted.bam,40.0,M,Hunan,Y,3.1410256410256414,1.948863636363637
A11-4.sorted.bam,38.0,F,Hunan,Y,3.1410256410256414,2.598484848484849
EQ-B31-4.sorted.bam,35.0,M,Hunan,Y,3.1410256410256414,2.598484848484849
D14-4.sorted.bam,35.0,M,Hunan,Y,3.1410256410256414,2.598484848484849
A1-4.sorted.bam,31.0,M,Hunan,Y,3.1410256410256414,2.598484848484849
F1-3.sorted.bam,31.0,F,Hunan,Y,3.1410256410256414,2.598484848484849
P1-2.sorted.bam,28.0,M,Hunan,Y,3.1410256410256414,9.744318181818183
1196,91.0,F,Hubei,L,0.7190775681341719,0.2502553626149132
1197,91.0,F,Hubei,L,0.7190775681341719,0.2502553626149132
1198,90.0,F,Hubei,L,0.7190775681341719,0.2502553626149132
1200,94.0,M,Hubei,L,0.7190775681341719,0.2502553626149132
1201,93.0,M,Hubei,L,0.7190775681341719,0.2502553626149132
1202,68.0,M,Hubei,M,0.7746160794941283,0.4782487451199109
1203,58.0,M,Hubei,M,0.7746160794941283,0.4965257672264043
1204,50.0,F,Hubei,Y,3.1410256410256414,0.4965257672264043
1206,92.0,F,Hubei,L,0.7190775681341719,0.2502553626149132
1207,97.0,F,Hubei,L,0.7190775681341719,0.2502553626149132
1208,91.0,F,Hubei,L,0.7190775681341719,0.2502553626149132
1209,95.0,F,Hubei,L,0.7190775681341719,0.2502553626149132
1211,62.0,M,Hubei,M,0.7746160794941283,0.4782487451199109
1213,64.0,M,Hubei,M,0.7746160794941283,0.4782487451199109
1215,67.0,M,Hubei,M,0.7746160794941283,0.4782487451199109
1217,92.0,M,Hubei,L,0.7190775681341719,0.2502553626149132
1218,90.0,M,Hubei,L,0.7190775681341719,0.2502553626149132
1220,59.0,F,Hubei,M,0.7746160794941283,0.4965257672264043
1221,99.0,M,Hubei,L,0.7190775681341719,0.2502553626149132
1225,52.0,M,Hubei,M,0.7746160794941283,0.4965257672264043
1226,92.0,F,Hubei,L,0.7190775681341719,0.2502553626149132
1227,58.0,F,Hubei,M,0.7746160794941283,0.4965257672264043
1228,98.0,F,Hubei,L,0.7190775681341719,0.2502553626149132
1229,60.0,M,Hubei,M,0.7746160794941283,0.4782487451199109
1230,94.0,M,Hubei,L,0.7190775681341719,0.2502553626149132
1231,95.0,M,Hubei,L,0.7190775681341719,0.2502553626149132
1232,51.0,M,Hubei,M,0.7746160794941283,0.4965257672264043
1233,92.0,F,Hubei,L,0.7190775681341719,0.2502553626149132
1234,54.0,M,Hubei,M,0.7746160794941283,0.4965257672264043
1235,98.0,F,Hubei,L,0.7190775681341719,0.2502553626149132
1236,70.0,F,Hubei,M,0.7746160794941283,1.4848484848484853
1238,89.0,M,Hubei,M,0.7746160794941283,10.393939393939396
1239,93.0,M,Hubei,L,0.7190775681341719,0.2502553626149132
1240,63.0,M,Hubei,M,0.7746160794941283,0.4782487451199109
1241,96.0,F,Hubei,L,0.7190775681341719,0.2502553626149132
1242,67.0,F,Hubei,M,0.7746160794941283,0.4782487451199109
1243,95.0,M,Hubei,L,0.7190775681341719,0.2502553626149132
1244,97.0,F,Hubei,L,0.7190775681341719,0.2502553626149132
1246,93.0,F,Hubei,L,0.7190775681341719,0.2502553626149132
1248,66.0,M,Hubei,M,0.7746160794941283,0.4782487451199109
1249,91.0,M,Hubei,L,0.7190775681341719,0.2502553626149132
1251,107.0,F,Hubei,L,0.7190775681341719,0.9280303030303032
1252,67.0,F,Hubei,M,0.7746160794941283,0.4782487451199109
1253,90.0,F,Hubei,L,0.7190775681341719,0.2502553626149132
1254,67.0,M,Hubei,M,0.7746160794941283,0.4782487451199109
1255,94.0,F,Hubei,L,0.7190775681341719,0.2502553626149132
1256,54.0,F,Hubei,M,0.7746160794941283,0.4965257672264043
1257,97.0,F,Hubei,L,0.7190775681341719,0.2502553626149132
1258,62.0,M,Hubei,M,0.7746160794941283,0.4782487451199109
1259,89.0,F,Hubei,M,0.7746160794941283,10.393939393939396
1260,68.0,F,Hubei,M,0.7746160794941283,0.4782487451199109
1265,54.0,M,Hubei,M,0.7746160794941283,0.4965257672264043
1266,83.0,M,Hubei,M,0.7746160794941283,10.393939393939396
1267,55.0,M,Hubei,M,0.7746160794941283,0.4965257672264043
1269,52.0,F,Hubei,M,0.7746160794941283,0.4965257672264043
1270,91.0,F,Hubei,L,0.7190775681341719,0.2502553626149132
1271,63.0,M,Hubei,M,0.7746160794941283,0.4782487451199109
1272,92.0,F,Hubei,L,0.7190775681341719,0.2502553626149132
1274,92.0,F,Hubei,L,0.7190775681341719,0.2502553626149132
1275,65.0,F,Hubei,M,0.7746160794941283,0.4782487451199109
1277,92.0,F,Hubei,L,0.7190775681341719,0.2502553626149132
1278,57.0,M,Hubei,M,0.7746160794941283,0.4965257672264043
1279,92.0,M,Hubei,L,0.7190775681341719,0.2502553626149132
1281,91.0,F,Hubei,L,0.7190775681341719,0.2502553626149132
1282,91.0,F,Hubei,L,0.7190775681341719,0.2502553626149132
1283,67.0,M,Hubei,M,0.7746160794941283,0.4782487451199109
1286,50.0,F,Hubei,Y,3.1410256410256414,0.4965257672264043
1287,95.0,M,Hubei,L,0.7190775681341719,0.2502553626149132
1288,89.0,M,Hubei,M,0.7746160794941283,10.393939393939396
1289,63.0,M,Hubei,M,0.7746160794941283,0.4782487451199109
1290,57.0,M,Hubei,M,0.7746160794941283,0.4965257672264043
1291,93.0,F,Hubei,L,0.7190775681341719,0.2502553626149132
1293,91.0,M,Hubei,L,0.7190775681341719,0.2502553626149132
1294,66.0,M,Hubei,M,0.7746160794941283,0.4782487451199109
1297,92.0,F,Hubei,L,0.7190775681341719,0.2502553626149132
1298,92.0,M,Hubei,L,0.7190775681341719,0.2502553626149132
1301,95.0,F,Hubei,L,0.7190775681341719,0.2502553626149132
1302,92.0,F,Hubei,L,0.7190775681341719,0.2502553626149132
1304,91.0,F,Hubei,L,0.7190775681341719,0.2502553626149132
1305,97.0,M,Hubei,L,0.7190775681341719,0.2502553626149132
1306,92.0,M,Hubei,L,0.7190775681341719,0.2502553626149132
1310,50.0,F,Hubei,Y,3.1410256410256414,0.4965257672264043
1312,69.0,M,Hubei,M,0.7746160794941283,0.4782487451199109
1313,94.0,F,Hubei,L,0.7190775681341719,0.2502553626149132
1316,94.0,M,Hubei,L,0.7190775681341719,0.2502553626149132
1318,92.0,M,Hubei,L,0.7190775681341719,0.2502553626149132
1320,49.0,F,Hubei,Y,3.1410256410256414,1.948863636363637
1323,94.0,M,Hubei,L,0.7190775681341719,0.2502553626149132
1327,93.0,F,Hubei,L,0.7190775681341719,0.2502553626149132
1328,67.0,M,Hubei,M,0.7746160794941283,0.4782487451199109
1329,92.0,F,Hubei,L,0.7190775681341719,0.2502553626149132
1330,72.0,M,Hubei,M,0.7746160794941283,1.4848484848484853
1331,94.0,F,Hubei,L,0.7190775681341719,0.2502553626149132
1333,93.0,F,Hubei,L,0.7190775681341719,0.2502553626149132
1335,97.0,M,Hubei,L,0.7190775681341719,0.2502553626149132
1337,97.0,F,Hubei,L,0.7190775681341719,0.2502553626149132
1338,46.0,M,Hubei,Y,3.1410256410256414,1.948863636363637
1341,91.0,M,Hubei,L,0.7190775681341719,0.2502553626149132
1342,67.0,M,Hubei,M,0.7746160794941283,0.4782487451199109
1344,57.0,M,Hubei,M,0.7746160794941283,0.4965257672264043
1345,91.0,M,Hubei,L,0.7190775681341719,0.2502553626149132
1347,92.0,F,Hubei,L,0.7190775681341719,0.2502553626149132
1348,54.0,M,Hubei,M,0.7746160794941283,0.4965257672264043
1349,95.0,M,Hubei,L,0.7190775681341719,0.2502553626149132
1352,35.0,M,Hubei,Y,3.1410256410256414,2.598484848484849
1354,54.0,F,Hubei,M,0.7746160794941283,0.4965257672264043
1355,91.0,M,Hubei,L,0.7190775681341719,0.2502553626149132
1357,97.0,M,Hubei,L,0.7190775681341719,0.2502553626149132
1359,96.0,M,Hubei,L,0.7190775681341719,0.2502553626149132
1363,99.0,F,Hubei,L,0.7190775681341719,0.2502553626149132
1365,98.0,F,Hubei,L,0.7190775681341719,0.2502553626149132
1366,63.0,M,Hubei,M,0.7746160794941283,0.4782487451199109
1367,96.0,F,Hubei,L,0.7190775681341719,0.2502553626149132
1369,96.0,F,Hubei,L,0.7190775681341719,0.2502553626149132
1371,90.0,M,Hubei,L,0.7190775681341719,0.2502553626149132
1373,95.0,F,Hubei,L,0.7190775681341719,0.2502553626149132
1374,50.0,M,Hubei,Y,3.1410256410256414,0.4965257672264043
1376,65.0,M,Hubei,M,0.7746160794941283,0.4782487451199109
1377,91.0,F,Hubei,L,0.7190775681341719,0.2502553626149132
1378,68.0,M,Hubei,M,0.7746160794941283,0.4782487451199109
1380,58.0,M,Hubei,M,0.7746160794941283,0.4965257672264043
1381,92.0,M,Hubei,L,0.7190775681341719,0.2502553626149132
1383,95.0,F,Hubei,L,0.7190775681341719,0.2502553626149132
1389,91.0,M,Hubei,L,0.7190775681341719,0.2502553626149132
1391,93.0,F,Hubei,L,0.7190775681341719,0.2502553626149132
1395,91.0,M,Hubei,L,0.7190775681341719,0.2502553626149132
1396,67.0,M,Hubei,M,0.7746160794941283,0.4782487451199109
1397,93.0,F,Hubei,L,0.7190775681341719,0.2502553626149132
1398,70.0,M,Hubei,M,0.7746160794941283,1.4848484848484853
1401,91.0,F,Hubei,L,0.7190775681341719,0.2502553626149132
1404,91.0,M,Hubei,L,0.7190775681341719,0.2502553626149132
1406,95.0,F,Hubei,L,0.7190775681341719,0.2502553626149132
1407,60.0,F,Hubei,M,0.7746160794941283,0.4782487451199109
1409,52.0,M,Hubei,M,0.7746160794941283,0.4965257672264043
1412,91.0,F,Hubei,L,0.7190775681341719,0.2502553626149132
1414,94.0,F,Hubei,L,0.7190775681341719,0.2502553626149132
1415,67.0,F,Hubei,M,0.7746160794941283,0.4782487451199109
1416,95.0,M,Hubei,L,0.7190775681341719,0.2502553626149132
1417,54.0,M,Hubei,M,0.7746160794941283,0.4965257672264043
1418,91.0,F,Hubei,L,0.7190775681341719,0.2502553626149132
1419,62.0,F,Hubei,M,0.7746160794941283,0.4782487451199109
1420,52.0,F,Hubei,M,0.7746160794941283,0.4965257672264043
1421,32.0,F,Hubei,Y,3.1410256410256414,2.598484848484849
1422,96.0,F,Hubei,L,0.7190775681341719,0.2502553626149132
1423,36.0,M,Hubei,Y,3.1410256410256414,2.598484848484849
1424,98.0,F,Hubei,L,0.7190775681341719,0.2502553626149132
1425,70.0,M,Hubei,M,0.7746160794941283,1.4848484848484853
1426,91.0,F,Hubei,L,0.7190775681341719,0.2502553626149132
1427,66.0,M,Hubei,M,0.7746160794941283,0.4782487451199109
1430,94.0,F,Hubei,L,0.7190775681341719,0.2502553626149132
1432,97.0,F,Hubei,L,0.7190775681341719,0.2502553626149132
1433,64.0,M,Hubei,M,0.7746160794941283,0.4782487451199109
1436,96.0,F,Hubei,L,0.7190775681341719,0.2502553626149132
1437,60.0,M,Hubei,M,0.7746160794941283,0.4782487451199109
1438,98.0,F,Hubei,L,0.7190775681341719,0.2502553626149132
1440,92.0,F,Hubei,L,0.7190775681341719,0.2502553626149132
1441,95.0,F,Hubei,L,0.7190775681341719,0.2502553626149132
1442,68.0,M,Hubei,M,0.7746160794941283,0.4782487451199109
1443,91.0,F,Hubei,L,0.7190775681341719,0.2502553626149132
1444,57.0,F,Hubei,M,0.7746160794941283,0.4965257672264043
1446,66.0,F,Hubei,M,0.7746160794941283,0.4782487451199109
1448,62.0,M,Hubei,M,0.7746160794941283,0.4782487451199109
1449,93.0,M,Hubei,L,0.7190775681341719,0.2502553626149132
1450,91.0,F,Hubei,L,0.7190775681341719,0.2502553626149132
1451,54.0,M,Hubei,M,0.7746160794941283,0.4965257672264043
1452,100.0,M,Hubei,L,0.7190775681341719,0.9280303030303032
1453,70.0,M,Hubei,M,0.7746160794941283,1.4848484848484853
1454,95.0,F,Hubei,L,0.7190775681341719,0.2502553626149132
1455,63.0,F,Hubei,M,0.7746160794941283,0.4782487451199109
1456,96.0,F,Hubei,L,0.7190775681341719,0.2502553626149132
1458,94.0,F,Hubei,L,0.7190775681341719,0.2502553626149132
1459,47.0,F,Hubei,Y,3.1410256410256414,1.948863636363637
1460,49.0,M,Hubei,Y,3.1410256410256414,1.948863636363637
1462,65.0,M,Hubei,M,0.7746160794941283,0.4782487451199109
1464,43.0,M,Hubei,Y,3.1410256410256414,1.948863636363637
1466,55.0,M,Hubei,M,0.7746160794941283,0.4965257672264043
1468,91.0,F,Hubei,L,0.7190775681341719,0.2502553626149132
1471,93.0,M,Hubei,L,0.7190775681341719,0.2502553626149132
1472,65.0,F,Hubei,M,0.7746160794941283,0.4782487451199109
1473,93.0,F,Hubei,L,0.7190775681341719,0.2502553626149132
1475,91.0,F,Hubei,L,0.7190775681341719,0.2502553626149132
1477,93.0,M,Hubei,L,0.7190775681341719,0.2502553626149132
1478,55.0,F,Hubei,M,0.7746160794941283,0.4965257672264043
1480,59.0,M,Hubei,M,0.7746160794941283,0.4965257672264043
1501,52.0,F,Hubei,M,0.7746160794941283,0.4965257672264043
1502,95.0,F,Hubei,L,0.7190775681341719,0.2502553626149132
1503,66.0,F,Hubei,M,0.7746160794941283,0.4782487451199109
1505,92.0,F,Hubei,L,0.7190775681341719,0.2502553626149132
1508,94.0,F,Hubei,L,0.7190775681341719,0.2502553626149132
1513,92.0,F,Hubei,L,0.7190775681341719,0.2502553626149132
1516,96.0,F,Hubei,L,0.7190775681341719,0.2502553626149132
1517,52.0,F,Hubei,M,0.7746160794941283,0.4965257672264043
1519,95.0,M,Hubei,L,0.7190775681341719,0.2502553626149132
1520,92.0,F,Hubei,L,0.7190775681341719,0.2502553626149132
1521,50.0,M,Hubei,Y,3.1410256410256414,0.4965257672264043
1522,90.0,F,Hubei,L,0.7190775681341719,0.2502553626149132
1523,51.0,F,Hubei,M,0.7746160794941283,0.4965257672264043
1525,91.0,F,Hubei,L,0.7190775681341719,0.2502553626149132
1527,96.0,F,Hubei,L,0.7190775681341719,0.2502553626149132
1528,60.0,M,Hubei,M,0.7746160794941283,0.4782487451199109
1529,96.0,M,Hubei,L,0.7190775681341719,0.2502553626149132
1530,65.0,F,Hubei,M,0.7746160794941283,0.4782487451199109
1531,91.0,M,Hubei,L,0.7190775681341719,0.2502553626149132
1532,60.0,M,Hubei,M,0.7746160794941283,0.4782487451199109
1533,93.0,F,Hubei,L,0.7190775681341719,0.2502553626149132
1535,93.0,F,Hubei,L,0.7190775681341719,0.2502553626149132
1536,70.0,F,Hubei,M,0.7746160794941283,1.4848484848484853
1537,94.0,F,Hubei,L,0.7190775681341719,0.2502553626149132
1538,59.0,F,Hubei,M,0.7746160794941283,0.4965257672264043
1539,91.0,F,Hubei,L,0.7190775681341719,0.2502553626149132
1540,96.0,F,Hubei,L,0.7190775681341719,0.2502553626149132
1541,55.0,M,Hubei,M,0.7746160794941283,0.4965257672264043
1542,66.0,M,Hubei,M,0.7746160794941283,0.4782487451199109
1543,91.0,M,Hubei,L,0.7190775681341719,0.2502553626149132
1546,61.0,M,Hubei,M,0.7746160794941283,0.4782487451199109
1549,91.0,M,Hubei,L,0.7190775681341719,0.2502553626149132
1552,96.0,F,Hubei,L,0.7190775681341719,0.2502553626149132
1553,60.0,F,Hubei,M,0.7746160794941283,0.4782487451199109
1554,94.0,M,Hubei,L,0.7190775681341719,0.2502553626149132
1556,75.0,M,Hubei,M,0.7746160794941283,1.4848484848484853
1558,91.0,M,Hubei,L,0.7190775681341719,0.2502553626149132
1559,91.0,M,Hubei,L,0.7190775681341719,0.2502553626149132
1561,91.0,M,Hubei,L,0.7190775681341719,0.2502553626149132
1562,94.0,F,Hubei,L,0.7190775681341719,0.2502553626149132
1563,91.0,F,Hubei,L,0.7190775681341719,0.2502553626149132
1564,93.0,F,Hubei,L,0.7190775681341719,0.2502553626149132
1565,66.0,M,Hubei,M,0.7746160794941283,0.4782487451199109
1566,98.0,M,Hubei,L,0.7190775681341719,0.2502553626149132
1567,91.0,M,Hubei,L,0.7190775681341719,0.2502553626149132
1568,91.0,F,Hubei,L,0.7190775681341719,0.2502553626149132
1569,61.0,F,Hubei,M,0.7746160794941283,0.4782487451199109
